id,type,cell,safe,youngest,county,regvoter,gender,rwdirusa,rwdiril,redirlocal,qlife,prim14_party,prim14_rep_gov,prim14_rep_gov_other,fix_deficit_il13,school_consol,school_consol_local,school_pen_local,pen_inccontrib,pen_hccontrib,term_lim,term_leader,cf_lim_leader,prim_nodeclr,redist_hat,redist_neutral,redist_commis,term_resp,term_expert,term_fresh,term_lobby,view_coalind,view_coalmnr,view_siu,view_colstud,view_farmers,view_docs,qual_he,qual_K12,fund_he,fund_hefrom,qual_heimport,qual_heattract,col_orjob,col_qualgo,col_lowincgo,col_moreimp,col_opp,col_kidsopp,col_price4yr,col_pricecc,cclearn,fracking,frack_safe,frack_econ,imp_fed,imp_fedfeel,imp_il,imp_ilfeel,imp_local,imp_localfeel,betteroff_now,betteroff_1yr,betteroff_worsoff,abort_leg,lg_coup_rts,education,ideology,party_aff,whereborn,net_type,net_bbavail,employ_time,employ_type,retired_type,relig_often,relig_type,religion,relig_denom,relig_denom_other,born_again,zip,birth_yr,rac_eth,rac_eth_other,hh_inc
271,2, , ,1,18,1,2,1,3,1,4,2, , ,5,2,2,3,1,2,1,1,4,4,1,4,4,4,4,1,4,4,3,4,2,2,2,5,3,2,1,1,1,1,2,1,3,2,2,2,2,2,1,4,2,1,2,1,2,1,2,3,2,2,1,1,1,2,1,3,4,1,3, ,1,5, ,1,98, ,5,62974,1937,1, ,1
109,2, , ,1,8,1,2,2,2,1,3,1,6, ,1,4,2,1,1,1,1,1,4,1,1,4,4,1,3,1,4,2,2,2,2,2,2,1,2,2,3,1,1,1,1,3,1,1,3,2,1,1,3,5,3,2,2,2,1,3,1,3,2,1,2,3,2,5,7,3,5,3,3, ,3,5, ,1,31, ,2,62943,1932,1, ,2
339,2, , ,1,15,1,1,1,2,1,2,2, , ,3,4,3,2,2,2,3,4,3,1,4,1,2,1,3,1,3,1,1,1,1,1,1,1,1,2,3,1,1,1,2,1,3,1,1,1,1,4,1,2,2,1,1,1,1,1,1,3,3,1,2,3,2,4,1,1,2,1,3, ,3,4, ,1,3, ,5,62920,1971,1, ,2
611,2, , ,1,7,1,1,2,2,1,3,2, , ,2,2,2,2,1,2,1,1,1,3,4,4,1,1,3,1,2,2,5,2,2,1,2,6,3,3,2,2,1,1,1,4,1,1,1,2,1,1,1,1,1,1,1,1,1,2,1,1,3,2,2,3,5,4,5,1,2,1,3, ,4,2,1, ,3, ,2,62816,1947,1, ,7
925,2, , ,1,18,1,2,2,2,2,5,4, , ,2,4,3,2,3,2,3,3,4,5,4,2,5,2,2,2,3,2,2,2,2,2,2,3,3,1,5,3,3,1,3,1,1,2,4,2,2,5,2,3,2,1,2,1,2,2,2,3,2,2,1,3,1,3,2,1,5,1,4, , ,3,1, ,3, ,2,62922,9999,1, ,1
1450,2, , ,1,9,1,2,2,2,2,3,4, , ,2,4,4,1,2,1,1,1,4,1,4,1,5,1,4,1,4,6,6,5,2,1,1,3,1,1,2,2,3,1,2,1,1,1,1,2,2,5,3,5,3,1,2,1,3,1,2,3,2,3,2,3,3,6,4,1,2,3,3, ,1,1,1, ,14, ,2,62960,9999,1, ,9
415,1,1,1, ,18,1,1,2,2,1,2,3, , ,2,5,3,2,3,2,1,3,3,1,2,2,3,3,4,2,2,2,2,2,2,2,2,2,2,3,3,3,3,2,3,2,3,1,1,3,1,1,2,2,1,1,3,1,3,3,3,3,3,1,4,3,2,3,8,1,5,3,1,1, ,5, ,1,98, ,5,99999,9999,1, ,9
818,1,1,1, ,8,1,1,2,2,1,3,3, , ,2,5,2,2,2,2,1,1,1,1,4,1,4,2,4,1,4,1,2,2,2,1,4,4,5,1,4,1,2,1,2,4,1,1,2,2,3,4,3,5,3,1,2,1,3,1,2,3,1,2,2,3,3,5,2,2,5,1,1,1, ,4, ,1,3, ,5,62939,1980,1, ,6
1227,2, , ,1,17,1,1,2,2,1,2,1,3, ,2,4,4,2,1,1,1,1,1,1,4,1,1,1,4,1,4,1,2,1,5,1,1,2,2,1,2,2,1,1,1,3,2,1,1,2,1,1,1,1,1,1,2,1,2,3,1,2,2,3,2,2,3,5,7,1,2,1,1,1, ,4, ,1,3, ,2,62821,1959,1, ,5
12,2, , ,1,13,1,2,2,2,2,4,2, , ,2,3,4,2,2,2,2,1,1,3,4,4,1,2,2,2,2,2,2,2,1,2,2,2,2,2,2,1,1,1,2,1,1,1,1,1,1,3,3,3,1,1,2,1,2,1,2,3,2,3,2,3,2,4,1,1,2,1,3, ,1,1,1, ,31, ,5,62237,1944,1, ,2
198,2, , ,1,9,1,2,2,2,2,3,2, , ,1,2,3,3,3,1,5,1,2,1,4,2,2,2,3,1,1,2,2,2,1,2,2,1,2,3,1,1,1,1,1,3,1,1,1,2,1,2,3,2,2,2,2,2,3,1,1,3,3,1,3,4,1,4,9,1,5,1,3, ,1,1,1, ,14, ,5,62960,1948,5, ,1
649,2, , ,1,7,1,2,2,2,2,2,1,6, ,2,4,4,2,1,2,1,2,2,5,4,4,2,2,2,2,3,2,2,2,2,1,2,2,2,1,4,1,1,3,1,3,1,1,2,2,3,1,1,2,1,1,2,1,2,3,3,3,3,2,3,3,6,4,6,1,4,2,1,3, ,1,1, ,32, ,2,62851,1960,1, ,9
1031,2, , ,1,2,1,2,2,2,3,3,3, , ,2,3,2,3,1,2,2,2,2,1,4,1,2,2,3,1,3,2,2,1,2,1,1,2,2,2,1,1,1,1,2,1,1,1,2,2,1,1,2,5,3,1,2,1,2,2,1,2,3,3,2,1,2,2,3,1,5,3,1,2, ,2,1, ,3, ,1,62896,1950,1, ,2
1395,2, , ,1,18,1,2,2,2,1,1,1,6, ,3,3,3,3,1,1,2,3,5,1,3,2,2,2,5,2,3,2,2,1,1,2,2,2,1,2,2,1,1,3,1,3,1,3,3,1,2,2,1,2,1,2,2,1,3,1,1,3,3,3,2,1,5,4,6,1,3,1,3, ,4,1,1, ,19, ,5,99999,1923,1, ,4
238,2, , ,1,2,1,2,2,2,2,3,3, , ,2,3,3,1,2,2,2,2,4,1,2,1,1,1,4,1,3,6,5,6,6,6,6,3,3,1,4,3,2,2,2,2,1,1,4,2,1,1,4,5,3,2,1,2,1,2,1,2,2,2,2,3,2,3,8,1,2,3,1,2, ,4, ,1,3, ,5,62890,1960,1, ,1
888,2, , ,1,5,1,2,2,2,1,5,3, , ,5,2,2,3,3,2,4,5,2,1,5,5,5,2,2,3,5,2,2,1,1,2,2,3,3,2,3,2,1,1,2,1,1,1,1,2,2,1,4,5,2,3,1,2,1,2,1,3,3,3,2,3,3,6,6,1,3,3,3, ,3,4, ,1,88,FIRST APOSTLE,2,62982,1929,1, ,1
193,2, , ,1,8,1,1,2,2,2,5,4, , ,2,2,2,1,2,1,1,1,1,1,4,1,2,2,3,2,3,2,2,2,1,2,2,2,2,1,2,1,1,1,2,3,1,1,1,1,1,1,2,2,1,1,2,1,2,1,2,2,2,1,1,1,6,3,9,3,2,3,4, , ,5, ,1,19, ,5,62939,1951,5, ,1
1016,2, , ,1,7,1,1,2,3,1,3,3, , ,3,3,3,2,1,2,3,3,2,3,4,2,3,4,1,1,3,2,1,2,2,2,2,3,2,2,2,2,1,1,2,3,1,1,2,1,2,4,3,2,2,3,1,3,3,3,1,1,1,3,2,2,2,4,4,3,3,1,1,1, ,4, ,1,3, ,5,62864,1980,1, ,1
1547,2, , ,1,10,1,1,2,2,2,3,2, , ,3,4,4,2,1,1,1,1,1,1,4,2,2,3,3,3,2,2,2,2,2,2,2,4,4,2,3,1,3,2,2,3,2,1,1,2,1,2,1,1,1,3,1,3,2,2,2,2,4,4,1,1,5,2,3,1,5,1,3, ,4,4, ,1,3, ,5,62832,1939,1, ,1
1845,2, , ,1,18,1,1,2,2,2,4,1,6, ,2,3,4,2,1,1,4,1,4,1,4,1,1,1,4,1,4,1,6,1,3,2,2,4,2,1,2,2,1,3,2,3,1,1,2,1,1,1,1,3,2,1,2,3,2,3,1,2,2,2,2,2,5,5,9,2,3,1,3, ,1,1,1, ,14, ,5,62918,1943,1, ,3
643,1,1,1, ,17,1,1,3,2,2,2,2, , ,2,2,2,1,2,2,1,2,2,2,4,2,2,2,2,2,4,2,2,2,2,2,2,2,2,2,4,1,3,1,2,3,1,1,1,3,1,1,1,2,2,3,1,2,1,3,1,1,1,1,1,1,2,2,1,1,2,1,1,4, ,4, ,1,3, ,5,62821,1957,1, ,3
1050,2, , ,1,14,1,2,3,2,2,5,3, , ,2,5,1,1,2,1,1,1,4,4,4,1,1,3,3,1,4,2,2,2,2,2,2,4,3,2,3,3,3,2,3,2,1,1,1,2,1,5,3,2,2,2,1,2,3,2,3,3,3,3,2,3,2,4,9,3,2,3,4, , ,3,1, ,16, ,5,62946,1955,1, ,1
1641,2, , ,1,6,1,2,2,2,1,2,4, , ,5,3,3,3,1,2,1,2,2,1,4,1,3,1,4,1,4,2,2,2,1,1,2,3,3,2,1,2,3,1,2,1,1,1,2,1,1,1,3,3,2,2,2,1,2,2,1,3,1,2,2,3,3,3,4,3,2,2,2,2, ,3,1, ,9, ,5,62924,1953,1, ,4
498,1,1,1, ,7,1,2,3,2,1,3,2, , ,2,2,2,2,1,2,1,1,1,1,3,2,2,2,3,2,3,2,1,2,1,1,2,3,3,2,3,2,1,3,2,3,1,1,4,2,1,3,2,5,3,1,2,1,2,2,2,1,3,3,1,2,2,2,1,2,4,1,1,5, ,4, ,1,14, ,5,62864,1959,1, ,4
824,1,1,1, ,2,1,2,1,1,1,5,2, , ,2,2,1,1,1,2,2,1,1,2,2,2,2,3,4,2,2,1,1,1,1,2,2,6,6,2,4,3,1,1,1,3,1,1,1,2,2,2,1,3,2,3,1,4,1,2,1,3,2,2,1,1,5,2,1,1,3,3,3, ,4,5, ,1,9, ,5,62884,1943,1, ,6
1272,1,1,1, ,13,1,1,2,2,2,2,4, , ,2,3,3,2,1,1,1,1,1,1,4,2,2,2,2,2,2,2,2,2,2,2,2,2,2,3,2,3,3,3,1,3,2,1,3,2,2,1,2,2,1,2,1,2,2,2,3,3,1,4,2,2,4,4,5,3,4,1,5, , ,3,1, ,13, ,5,62288,1972,5, ,4
863,2, , ,1,6,1,2,1,1,1,1,3, , ,3,2,2,1,1,1,5,5,5,1,5,5,2,3,3,3,2,3,3,1,1,3,5,2,1,1,2,3,3,1,1,3,1,1,1,1,1,4,1,4,2,1,2,2,2,3,1,3,3,3,1,1,5,2,3,1,6,1,3, ,3,5, ,3, , , ,62958,1942,1, ,9
1984,1,1,1, ,14,1,2,2,2,2,4,1,6, , , , ,2,2,3,2,2,2,2,4,2,4,3,4,1,1,1,1,1,1,5,2,4,5,2,1,1,1,1,2,1,1,1,2,2,2,4,2,4,2, , , , , , ,2,2, ,2,3,3,4,9,3,3,1,2,1, ,5, ,1, , ,5,62935,1956,1, ,2
910,2, , ,1,13,1,1,2,3,1,3,3, , ,3,3,4,3,1,2,1,1,4,1,4,5,2,2,4,2,4,3,6,1,5,2,5,1,1,2,1,1,3,2,2,3,1,2,2,1,1,2,4,5,2,1,2,3,1,3,1,3,3, ,1,1,5,2,1,1,6,3,3, , ,6, ,1, , ,5,62233,1937,1, ,1
2697,1,1,1, ,18,1,2,1,1,1,2,2, , , , , ,2,1,1,4,4,4,1,1,4,1,4,1,4,1,3,2,1,2,2,2,2,2,2,1,1,3,3,2,1,1,2,2,1,1,1,1,4,2, , , , , , ,3,3, ,1,1,5,2,3,3,2,1,3, , ,5, ,3, , , ,62918,1945,1, ,5
3257,1,1,1, ,15,1,1,2,2,1,3,1,6, , , , ,2,1,2,4,2,1,3,4,2,3,3,2,3,5,2,2,2,2,1,2,3,3,1,2,3,3,3,1,1,2,1,4,3,3,1,2,1,1, , , , , , ,3,3, ,3,3,6,5,7,2,2,1,3, , ,1,1, , , ,1,62906,1946,1, ,9
2076,2, , ,1,9,1,2,2,2,3,3,1,6, , , , ,3,3,2,1,1,1,1,5,2,5,1,3,2,5,1,1,2,2,1,1,3,3,2,5,3,3,1,1,2,1,1,3,3,1,1,4,5,2, , , , , , ,3,3, ,3,3,3,5,6,1,5,1,3, , ,1,1, , , ,2,62956,1938,1, ,1
2520,2, , ,1,6,1,1,3,1,1,1,4, , , , , ,2,3,1,2,2,5,3,2,1,1,4,2,2,3,2,2,1,1,2,1,2,2,2,1,2,1,3,2,1,1,2,4,3,1,1,2,2,3, , , , , , ,3,3, ,2,1,6,2,3,2,6,3,3, , ,2,1, , , ,5,62091,1930,1, ,9
2940,2, , ,1,18,1,2,2,2,3,2,1,6, , , , ,3,3,3,5,1,5,5,3,4,5,1,3,1,3,6,3,2,2,2,5,3,6,3,2,3,3,3,2,1,1,1,1,3,3,1,2,5,3, , , , , , ,3,3, ,2,3,1,6,7,1,5,3,3, , ,1,2, , , , ,62890,1926,1, ,1
3108,2, , ,1,17,1,2,3,3,3,3,4, , , , , ,1,2,1,5,3,1,5,4,4,5,3,2,1,5,2,2,6,6,6,6,2,2,1,2,2,1,1,1,2,1,1,1,3,1,4,4,5,1, , , , , , ,3,3, ,3,3,4,1,9,1,5,1,3, , ,2,1, , , ,4,62821,1941,1, ,1
3475,2, , ,1,6,1,2,1,1,3,2,3, , , , , ,2,2,2,3,2,2,1,3,2,3,2,5,2,2,2,2,2,2,2,2,3,3,2,5,2,1,1,2,3,1,1,1,3,1,1,2,5,3, , , , , , ,3,3, ,2,4,2,3,4,1,2,3,3, , ,1,1, , , ,4,62932,1946,1, ,2
2384,2, , ,1,2,1,2,2,2,1,2,2, , , , , ,2,1,1,3,2,1,5,4,1,2,1,3,2,5,3,2,2,2,2,2,2,1,2,2,2,1,1,2,3,1,1,1,2,1,1,1,4,2, , , , , , ,3,3, ,1,2,3,4,3,3,4,3,1,5, ,4, ,1, , ,5,62836,1960,1, ,3
2942,2, , ,1,10,1,2,2,2,3,3,3, , , , , ,2,2,2,3,2,4,1,4,1,2,3,3,1,3,1,1,2,2,1,1,2,2,2,2,2,3,1,2,2,1,1,1,1,1,1,1,3,1, , , , , , ,2,2, ,2,1,2,3,8,1,2,1,4, , ,1,1, , , ,3,62832,1957,1, ,4
3238,2, , ,1,6,1,2,2,2,1,4,2, , , , , ,2,1,2,1,2,1,1,1,1,2,3,3,2,2,2,2,2,2,2,2,4,3,1,1,2,1,1,1,3,1,1,2,2,1,1,4,3,2, , , , , , ,3,1, ,1,2,6,4,1,3,3,1,2,3, ,1,1, , , ,2,62901,1983,2, ,1
3284,2, , ,1,13,1,2,2,2,1,4,1,6, , , , ,3,1,1,1,1,3,2,4,3,3,1,3,1,4,2,1,3,1,1,2,2,2,1,3,3,1,1,1,3,1,1,2,2,2,1,3,1,1, , , , , , ,3,2, ,3,2,2,5,7,1,2,3,3, , ,2,1, , , ,3,62278,1938,1, ,2
1963,2, , ,1,12,1,1,2,2,2,3,1,2, , , , ,2,3,2,1,1,1,2,4,2,3,1,4,2,3,2,2,2,5,1,1,6,6,1,3,2,3,1,1,2,1,1,1,1,1,1,3,2,1, , , , , , ,3,3, ,2,3,2,4,6,1,5,3,1,1, ,3,1, , , ,2,62970,1950,1, ,3
2137,2, , ,1,14,1,1,1,2,2,2,3, , , , , ,1,1,2,1,1,4,1,4,1,1,1,4,1,3,1,1,2,1,1,2,3,3,1,2,2,3,1,1,1,1,1,3,2,1,1,2,4,2, , , , , , ,3,3, ,2,1,3,4,2,1,2,1,1,1, ,4, ,1, , ,5,62930,1954,1, ,5
2437,2, , ,1,17,1,2,2,2,1,3,4, , , , , ,1,1,1,3,3,2,1,3,2,2,2,3,2,2,1,1,2,1,1,1,3,4,2,1,1,3,2,2,3,1,1,1,2,1,1,4,2,1, , , , , , ,3,3, ,3,3,5,3,6,1,2,3,4, , ,3,1, , , ,5,62827,1987,1, ,9
2725,2, , ,1,14,1,1,2,2,1,3,1,2, , , , ,2,2,1,1,1,4,1,4,4,1,1,4,1,3,2,5,4,2,2,5,5,5,1,2,3,3,2,1,3,1,1,1,2,2,1,2,2,1, , , , , , ,3,3, ,1,3,2,2,5,1,2,1,3, , ,4, ,3, , , ,62917,1943,1, ,3
3001,2, , ,1,7,1,2,1,3,1,3,2, , , , , ,2,1,1,4,1,4,1,3,2,1,1,4,2,3,2,2,2,1,1,3,2,2,1,1,2,1,1,2,1,1,1,2,2,1,1,2,2,3, , , , , , ,3,3, ,1,1,2,2,1,1,4,2,3, , ,5, ,3, , , ,62810,1946,1, ,5
3251,2, , ,1,5,1,2,2,2,2,4,2, , , , , ,2,1,2,1,1,1,1,4,1,2,1,4,2,3,2,2,3,1,2,2,2,3,2,1,1,1,1,2,1,1,2,1,2,1,1,1,4,2, , , , , , ,3,2, ,1,1,4,1,1,1,4,1,3, , ,5, ,1, , ,2,62919,1955,1, ,1
2153,1,1,1, ,18,1,2,2,2,1,3,1,6, , , , ,1,1,1,1,1,1,1,5,5,2,1,3,1,5,2,5,2,5,2,2,6,3,2,3,2,1,2,2,2,1,1,1,1,1,2,2,2,1, , , , , , ,3,3, ,2,2,2,4,5,2,3,1,1,2, ,5, ,1, , ,2,62959,1954,1, ,3
2029,2, , ,1,13,1,1,2,2,1,2,1,6, , , , ,2,1,2,1,1,1,1,4,1,3,1,4,1,4,1,2,2,2,1,1,6,2,1,2,3,3,3,1,3,1,1,1,2,1,2,2,1,1, , , , , , ,3,3, ,3,3,2,5,6,1,2,1,1,3, ,1,1, , , ,5,62278,1954,1, ,5
1974,2, , ,1,18,1,2,2,2,1,2,4, , , , , ,2,2,1,1,1,1,1,4,1,1,3,2,2,5,2,2,3,2,2,2,2,2,1,2,3,3,1,1,3,1,1,1,2,1,2,2,5,1, , , , , , ,3,2, ,3,3,5,4,4,3,6,1,1,3, ,1,1, , , ,1,99999,1954,1, ,9
2938,1,1,1, ,8,1,1,1,2,1,3,4, , , , , ,2,1,2,1,1,1,1,4,1,2,2,3,2,1,2,1,1,1,1,2,2,2,1,1,2,1,2,2,3,1,1,3,1,1,2,1,2,1, , , , , , ,3,2, ,2,2,3,3,2,1,4,1,3, , ,1,1, , , ,2,62912,1948,1, ,3
3235,1,1,1, ,6,1,1,2,2,1,3,4, , , , , ,2,2,2,4,3,1,1,1,1,1,4,1,4,4,1,5,1,1,1,2,5,5,3,1,1,1,3,2,1,4,2,1,2,2,1,2,3,2, , , , , , ,1,3, ,2,1,3,6,9,3,4,1,4, , ,5, ,1, , ,5,62901,1991,1, ,1
3154,1,1,1, ,14,1,2,2,2,1,4,4, , , , , ,2,3,2,1,1,3,1,4,2,1,2,4,5,3,1,1,2,1,1,1,2,2,2,1,1,1,3,2,3,1,1,1,1,1,1,2,4,2, , , , , , ,2,2, ,2,3,3,5,6,1,3,1,1,3, ,1,1, , , ,2,62946,1940,1, ,2
3269,1,1,1, ,12,1,2,1,2,3,3,2, , , , , ,2,1,1,2,2,1,1,5,2,2,1,3,2,2,5,5,3,1,1,1,2,1,1,2,2,1,1,1,3,1,1,1,1,1,1,2,2,1, , , , , , ,3,3, ,2,1,6,2,1,3,4,1,1,1, ,1,1, , , ,5,62956,1971,1, ,6
1948,2, , ,1,8,1,2,2,2,2,4,3, , , , , ,2,2,2,1,1,1,1,4,2,2,1,4,1,3,1,1,2,2,1,2,3,3,2,2,3,1,2,2,2,1,1,2,1,1,1,2,3,2, , , , , , ,2,2, ,3,3,5,5,5,1,2,1,2,3, ,1,1, , , ,3,62985,1974,1, ,9
2128,2, , ,1,16,1,1,2,2,1,2,3, , , , , ,2,1,1,1,1,2,4,3,2,2,5,4,2,3,2,2,2,2,1,2,3,2,1,5,2,3,1,1,3,1,1,1,2,1,1,3,5,1, , , , , , ,3,2, ,2,4,2,4,7,3,2,1,3, , ,1,1, , , ,5,62263,1946,1, ,3
2396,2, , ,1,13,1,2,2,3,1,3,1,6, , , , ,2,2,2,3,3,3,1,4,2,1,1,2,2,1,3,2,1,2,2,5,2,1,2,1,1,1,2,2,4,1,2,2,2,1,1,2,2,2, , , , , , ,3,2, ,2,2,3,2,6,1,4,3,3, , ,1,1, , , ,4,62233,1938,1, ,4
3180,2, , ,1,18,1,1,2,2,1,5,1,2, , , , ,2,2,2,1,1,2,5,3,2,2,2,3,2,2,2,2,2,2,2,2,3,3,2,2,2,3,1,2,3,1,1,1,1,1,1,2,2,1, , , , , , ,3,3, ,1,3,5,4,5,1,2,1,1,1, ,5, ,1, , ,5,62959,1970,1, ,6
3417,2, , ,1,13,1,1,3,2,1,2,2, , , , , ,2,2,2,2,1,4,1,4,2,2,1,4,1,4,3,2,1,1,5,1,1,1,1,1,2,3,3,1,3,1,1,1,3,1,3,1,3,2, , , , , , ,2,3, ,2,3,2,3,2,1,4,1,3, , ,1,1, , , ,5,62278,1928,1, ,1
3490,2, , ,1,8,1,2,2,2,2,4,4, , , , , ,2,1,2,1,1,2,2,3,4,3,3,4,1,3,2,1,2,2,5,2,3,3,1,4,2,3,1,1,3,1,1,3,2,1,1,3,5,2, , , , , , ,3,3, ,2,1,6,3,3,1,2,1,1,3, ,4, ,1, , ,5,62923,1969,1, ,6
1970,2, , ,1,15,1,2,2,2,1,2,2, , , , , ,2,1,1,2,2,4,1,3,3,3,5,1,4,2,5,5,2,2,2,2,3,3,1,2,3,3,3,1,3,1,1,4,1,1,1,1,2,1, , , , , , ,3,3, ,3,3,2,5,8,2,5,1,3, , ,1,1, , , ,2,62952,1932,1, ,9
2073,2, , ,1,18,1,2,2,2,1,2,4, , , , , ,3,2,2,1,1,4,1,4,4,4,1,4,1,5,2,2,2,2,2,3,2,2,2,2,2,1,1,2,1,1,4,1,3,3,5,2,5,3, , , , , , ,2,2, ,2,3,4,3,9,1,5,3,3, , ,1,1, , , ,2,62959,9999,1, ,9
2177,2, , ,1,7,1,2,2,2,2,3,1,6, , , , ,2,2,1,1,1,1,1,3,2,2,1,3,2,2,1,1,2,2,1,2,3,2,2,2,2,1,1,2,1,1,1,1,2,1,1,3,5,3, , , , , , ,2,3, ,3,3,3,5,6,2,2,2,2,5, ,1,1, , , ,1,62810,1969,1, ,5
3166,2, , ,1,7,1,2,3,2,1,3,3, , , , , ,3,3,3,2,1,1,5,5,5,5,2,5,2,5,6,2,6,2,2,2,3,3,2,5,2,1,3,2,3,3,4,3,1,1,1,3,2,2, , , , , , ,3,3, ,1,1,5,2,2,1,2,1,1,4, ,5, ,3, , , ,62810,1970,1, ,5
3253,2, , ,1,11,1,2,1,2,3,5,2, , , , , ,2,1,1,1,1,1,1,4,1,1,1,5,1,1,5,2,2,2,2,2,2,2,1,1,2,1,1,2,1,1,1,2,2,1,1,2,2,2, , , , , , ,3,3, ,1,1,5,2,1,2,5,2,3, , ,4, ,1, , ,5,62938,1946,1, ,4
3280,2, , ,1,7,1,2,2,1,1,2,3, , , , , ,3,3,3,2,2,5,2,5,5,2,2,3,2,2,6,5,6,5,5,6,6,2,1,2,2,3,1,2,3,1,1,1,1,1,5,3,3,2, , , , , , ,3,3, ,2,3,2,3,5,2,5,3,3, , ,1,1, , , ,5,62864,1937,1, ,4
3122,2, , ,1,7,1,2,2,2,2,5,2, , , , , ,2,2,2,2,3,3,4,3,2,2,2,3,2,4,2,1,2,1,1,1,3,5,2,2,3,3,2,2,1,2,1,1,2,2,1,3,2,1, , , , , , ,2,2, ,2,3,2,4,6,1,5,3,3, , ,5, ,1, , ,5,62816,1944,1, ,2
3481,2, , ,1,6,1,2,1,3,1,2,2, , , , , ,2,1,2,3,2,4,4,2,1,1,2,2,2,3,2,2,1,2,2,2,1,1,2,1,1,1,1,1,1,1,1,1,1,1,1,2,3,2, , , , , , ,3,3, ,1,1,6,1,1,3,2,1,3, , ,1,1, , , ,5,62901,1924,1, ,6
3200,2, , ,1,10,1,2,1,1,1,2,2, , , , , ,1,3,1,3,2,2,1,1,1,1,1,4,2,4,3,2,2,2,2,6,2,2,2,1,3,3,1,2,3,1,2,2,2,2,3,1,2,3, , , , , , ,3,3, ,2,3,7,5,7,1,4,3,1,5, ,2,1, , , ,3,99999,9999,1, ,3
3975,2, , ,1,7,1,2,2,2,1,3,1,4, , , , ,2,1,1,1,1,2,5,3,2,2,2,3,1,3,2,2,2,2,2,2,2,2,2,4,3,1,1,2,3,1,1,1,1,1,1,1,2,1, , , , , , ,3,3, ,2,2,2,3,9,1,5,1,3, , ,4, ,1, , ,5,62846,1945,1, ,4
4102,2, , ,1,13,1,2,2,2,1,5,1,4, , , , ,1,1,1,1,1,1,1,4,1,1,1,4,1,4,2,2,1,2,1,1,2,2,2,1,1,1,1,2,1,1,2,2,2,1,2,2,2,1, , , , , , ,3,3, ,3,2,3,5,7,1,1,1,1,1, ,1,1, , , ,5,62280,1959,1, ,5
4363,2, , ,1,7,1,1,1,1,1,2,2, , , , , ,2,2,2,1,1,1,4,4,4,1,1,4,1,4,1,1,2,2,1,2,3,3,2,2,2,3,3,2,1,1,1,2,2,2,1,1,2,1, , , , , , ,3,3, ,1,2,3,2,2,1,4,3,1,1, ,3,1, , , ,5,62864,1959,1, ,4
4597,2, , ,1,6,1,1,2,2,2,5,1,6, , , , ,3,2,2,2,1,2,3,4,1,3,1,3,1,5,2,2,2,2,2,2,3,4,2,5,2,1,3,1,2,1,1,1,3,1,5,2,3,2, , , , , , ,2,3, ,2,1,2,4,6,2,3,3,3, , ,5, ,1, , ,5,62966,1960,1, ,9
3746,2, , ,1,1,1,1,1,1,1,3,2, , , , , ,3,2,2,1,3,3,3,4,2,1,2,3,2,3,5,1,1,2,2,2,3,3,2,1,1,1,2,2,1,1,1,1,2,1,1,3,2,2, , , , , , ,3,3, ,2,2,2,2,2,3,3,1,3, , ,3,2, , , , ,62988,1928,2, ,3
3893,2, , ,1,10,1,2,2,2,1,3,1,6, , , , ,2,2,2,1,1,2,3,3,2,1,2,3,2,2,1,1,2,2,1,1,2,2,2,1,1,1,1,2,3,1,1,1,3,1,1,1,2,1, , , , , , ,3,3, ,3,3,2,5,6,1,3,1,2,4, ,1,1, , , ,4,62274,1970,1, ,4
4041,2, , ,1,18,1,2,2,1,1,3,2, , , , , ,1,2,2,3,2,3,1,4,2,3,2,2,1,2,2,2,2,2,2,3,2,3,2,3,1,1,1,2,1,1,3,1,1,1,3,2,2,1, , , , , , ,1,1, ,2,4,3,5,1,3,6,3,4, , ,2,1, , , ,5,62918,1953,1, ,1
5131,2, , ,1,2,1,1,2,2,3,4,1,6, , , , ,3,1,2,1,1,3,1,3,2,1,2,4,1,4,1,1,3,2,3,6,5,3,1,4,4,3,1,2,1,2,1,1,2,3,1,1,1,1, , , , , , ,2,2, ,2,2,4,4,5,1,3,1,3, , ,4, ,1, , ,3,62896,1942,1, ,1
5307,2, , ,1,18,1,2,2,2,3,5,4, , , , , ,1,1,3,1,4,4,1,4,1,1,1,1,1,3,1,1,1,1,1,2,1,1,1,4,2,3,3,2,1,1,1,3,2,1,1,2,3,2, , , , , , ,3,3, ,2,2,4,2,3,3,4,1,3, , ,3,1, , , ,2,62948,1949,1, ,2
3500,1,1,1, ,18,1,1,2,2,1,1,4, , , , , ,2,3,3,1,2,1,1,5,5,4,5,1,1,5,5,2,2,2,1,2,1,1,3,1,2,1,3,2,1,2,2,2,2,3,1,1,4,2, , , , , , ,2,4, ,2,4,6,6,9,5,6,1,2,1, ,3,2, , , , ,62918,1950,9, ,9
3653,1,1,1, ,7,1,1,3,1,1,2,2, , , , , ,1,2,1,2,2,1,5,1,3,2,2,3,2,3,1,1,1,1,1,1,3,3,1,2,2,3,1,1,1,2,1,1,2,1,1,1,4,2, , , , , , ,3,3, ,1,1,5,2,2,1,3,1,1,1, ,4, ,1, , ,5,62864,1981,1, ,5
3810,1,1,1, ,13,1,2,2,2,1,2,4, , , , , ,2,1,2,2,1,1,1,3,3,3,2,2,1,5,1,2,1,1,1,2,2,2,2,5,2,3,1,2,3,1,1,2,3,1,2,3,2,2, , , , , , ,3,4, ,3,3,3,6,9,1,5,3,3, , ,1,1, , , ,2,62280,1942,1, ,9
1531,2, , ,1,2,1,1,1,1,1,3,2, , , , , ,1,1,1,4,1,1,1,3,2,1,2,1,2,2,5,5,2,2,2,2,1,2,2,1,3,1,1,2,2,1,1,1,2,1,2,1,4,2, , , , , , ,3,3, ,2,1,2,1,1,1,4,2,2,1, ,5, ,3, , , ,62890,1995,1, ,3
3973,2, , ,1,1,1,2,2,2,2,3,1,6, , , , ,3,3,2,2,2,3,1,3,2,5,5,1,1,3,5,5,1,2,2,2,3,3,2,5,2,1,1,2,3,1,1,1,3,1,2,4,5,3, , , , , , ,2,3, ,3,4,1,2,6,3,5,1,3, , ,1,1, , , ,2,62990,1937,1, ,1
4851,1,1,1, ,18,1,2,2,2,1,3,3, , , , , ,2,2,2,1,1,1,1,4,1,4,1,4,2,3,2,3,2,1,2,2,3,4,1,2,3,3,1,3,3,1,1,1,2,1,1,1,4,2, , , , , , ,3,2, ,3,3,6,4,4,3,3,1,1,3, ,1,1, , , ,1,62901,1968,1, ,6
4987,1,1,1, ,7,1,1,3,3,1,3,2, , , , , ,2,3,1,3,3,1,3,3,3,2,3,1,4,2,3,2,2,2,2,2,1,1,2,1,1,1,3,1,1,1,1,2,2,1,2,1,2,3, , , , , , ,3,3, ,1,1,6,1,1,1,3,1,3, , ,2,1, , , ,5,62864,1930,1, ,3
5659,1,1,1, ,7,1,2,3,3,1,2,1,6, , , , ,1,1,1,1,2,4,1,4,2,3,1,4,1,2,1,1,1,1,1,1,5,5,2,2,1,1,1,2,2,1,1,1,2,1,1,2,1,1, , , , , , ,3,2, ,3,2,4,4,7,3,4,2,1,1, ,3,1, , , ,5,62816,1989,1, ,4
3875,2, , ,1,8,1,2,2,2,3,3,4, , , , , ,3,3,3,5,3,5,1,3,2,3,2,2,2,3,2,2,2,2,2,5,6,2,2,5,3,1,1,2,1,1,1,4,3,1,1,2,5,3, , , , , , ,4,3, ,3,3,2,3,5,1,5,1,3, , ,4, ,1, , ,2,62907,1940,1, ,1
3998,2, , ,1,2,1,2,2,2,1,5,4, , , , , ,2,2,2,2,2,1,3,4,2,3,2,3,2,3,1,1,2,1,1,2,3,1,1,5,1,1,1,1,3,1,1,1,2,1,1,1,4,2, , , , , , ,3,1, ,3,3,2,3,2,1,5,1,2,2, ,1,1, , , ,2,62896,1938,1, ,1
4207,2, , ,1,13,1,2,2,2,3,2,4, , , , , ,3,3,3,5,5,5,5,5,5,5,5,5,5,5,1,1,2,5,1,5,2,2,3,5,2,4,3,2,3,1,1,1,2,3,2,2,5,3, , , , , , ,2,3, ,4,4,2,6,9,1,5,3,3, , ,1,1, , , ,3,62288,1934,1, ,9
4645,2, , ,1,5,1,1,2,2,2,5,1,6, , , , ,3,1,2,5,2,2,1,3,2,2,2,3,2,5,2,2,1,1,1,1,1,2,2,1,2,1,3,2,1,1,1,2,3,1,1,2,3,2, , , , , , ,3,2, ,2,2,2,4,7,1,2,3,4, , ,5, ,1, , ,5,62938,1962,1, ,9
5403,2, , ,1,1,1,2,2,2,2,5,3, , , , , ,2,2,2,2,2,5,1,4,2,2,5,3,2,3,2,1,2,1,1,2,2,2,2,5,2,3,1,2,3,2,1,3,1,1,1,4,5,1, , , , , , ,3,3, ,3,3,3,4,2,3,1,2,1,4, ,5, ,1, , ,2,62969,1965,1, ,1
2978,1,1,1, ,6,1,2,1,2,2,2,2, , , , , ,2,1,2,2,2,2,2,4,1,1,1,3,2,2,2,2,3,2,1,1,4,5,2,3,2,1,1,2,1,1,1,1,2,1,1,2,3,2, , , , , , ,1,1, ,1,1,4,1,1,1,3,1,1,1, ,1,1, , , ,5,62966,1957,1, ,7
4070,2, , ,1,7,1,2,2,2,2,2,1,6, , , , ,2,2,2,3,2,2,4,4,2,3,3,4,1,4,3,3,1,5,4,2,3,2,1,2,3,3,1,1,2,1,1,1,2,1,1,1,2,2, , , , , , ,3,2, ,2,3,2,3,5,1,2,3,4, , ,1,1, , , ,5,62810,1961,1, ,4
5651,2, , ,1,3,1,2,1,2,1,2,3, , , , , ,1,1,1,1,1,1,2,4,1,1,1,2,1,1,1,1,2,2,2,2,3,3,2,1,1,3,1,2,3,1,1,1,2,1,1,4,5,1, , , , , , ,3,3, ,1,1,2,3,1,3,5,3,3, , ,5, ,1, , ,5,99999,1931,1, ,1
5535,2, , ,1,18,1,2,2,2,3,2,1,6, , , , ,2,1,3,1,1,4,2,4,1,1,2,2,1,1,2,1,1,1,1,1,3,3,2,2,1,3,1,2,1,1,1,1,1,1,1,1,3,2, , , , , , ,3,3, ,3,1,2,4,7,2,5,1,3, , ,5, ,3, , , ,62890,1937,1, ,2
2269,2, , ,1,9,1,2,1,1,1,2,2, , , , , ,1,1,1,3,4,2,2,4,1,5,2,3,2,3,2,2,2,2,2,2,3,2,2,1,1,3,1,2,1,1,2,2,2,1,2,3,2,1, , , , , , ,3,3, ,2,3,2,3,1,1,5,1,3, , ,1,1, , , ,5,62953,9999,1, ,9
3713,2, , ,1,18,1,2,2,2,2,5,4, , , , , ,2,3,1,5,1,3,2,4,2,1,4,4,2,5,1,1,4,2,1,1,5,3,1,4,5,3,3,2,3,1,1,2,2,1,1,2,2,2, , , , , , ,2,1, ,3,3,4,5,4,1,5,1,3, , ,1,1, , , ,2,62948,1948,1, ,1
4054,2, , ,1,7,1,1,2,2,2,2,1,6, , , , ,3,1,1,2,1,1,1,2,3,1,1,4,1,1,1,1,4,4,2,1,4,1,1,2,3,1,2,1,3,2,1,2,2,1,1,1,1,1, , , , , , ,2,3, ,3,3,1,5,7,1,5,1,3, , ,4, ,1, , ,2,62898,1933,5, ,3
4291,2, , ,1,2,1,2,2,2,2,5,1,6, , , , ,3,1,1,3,1,1,1,4,3,2,1,4,2,4,2,2,3,2,3,2,3,3,1,2,2,3,1,2,3,1,1,4,2,2,2,2,5,2, , , , , , ,3,3, ,2,2,3,3,3,1,2,1,3, , ,4, ,1, , ,5,62812,1949,1, ,4
4480,2, , ,1,17,1,1,2,3,2,3,2, , , , , ,2,2,2,2,2,1,1,4,2,2,1,3,2,2,2,2,2,2,1,2,2,2,2,1,2,1,1,2,1,1,1,1,2,1,1,2,2,1, , , , , , ,3,3, ,1,1,2,4,2,2,2,1,1,1, ,5, ,1, , ,5,62821,1959,1, ,4
5072,2, , ,1,15,1,1,2,2,1,3,1,1, , , , ,3,3,2,1,2,4,2,2,1,2,2,3,2,3,2,2,2,2,2,2,6,2,3,2,1,1,1,3,3,1,1,1,1,1,2,1,1,1, , , , , , ,3,1, ,2,3,2,5,7,1,1,3,3, , ,2,1, , , ,2,62906,1936,1, ,4
5268,2, , ,1,18,1,2,1,1,1,2,2, , , , , ,1,1,1,1,1,1,2,2,2,2,2,3,2,5,1,1,2,1,2,1,1,1,1,1,1,1,1,1,1,1,1,1,1,1,1,2,2,1, , , , , , ,1,3, ,1,1,5,2,2,1,3,1,3, , ,5, ,1, , ,5,62959,1937,1, ,5
2283,2, , ,1,17,1,1,2,2,2,3,3, , , , , ,2,1,1,1,3,1,1,2,2,2,3,3,2,5,2,2,5,2,2,2,3,3,1,2,2,3,2,2,2,2,1,2,3,3,1,2,2,1, , , , , , ,2,3, ,3,2,4,3,5,1,3,1,4, , ,1,1, , , ,2,62844,1953,1, ,2
4617,2, , ,1,9,1,2,2,2,2,4,1,3, , , , ,3,3,3,5,3,4,4,4,3,4,2,4,4,4,1,1,5,1,1,1,6,3,3,5,2,3,2,2,3,1,1,1,3,1,1,3,5,3, , , , , , ,2,2, ,3,3,2,5,7,1,5,3,3, , ,1,1, , , ,2,62960,1940,1, ,2
4928,2, , ,1,7,1,2,2,2,2,3,3, , , , , ,1,3,2,2,2,3,4,4,2,5,2,2,3,2,2,2,2,2,2,2,3,3,2,1,2,3,1,2,3,1,1,2,1,1,2,1,4,2, , , , , , ,2,3, ,2,3,3,3,9,1,6,1,3, , ,2,1, , , ,5,99999,1945,1, ,9
3584,1,1,1, ,13,1,1,1,2,1,2,2, , , , , ,2,1,2,1,1,1,1,4,1,1,1,4,1,1,2,2,2,2,2,2,3,2,1,2,1,1,1,2,1,1,1,1,2,2,1,3,2,3, , , , , , ,3,3, ,1,1,3,2,1,1,5,1,3, , ,5, ,3, , , ,62272,1937,1, ,2
3755,1,1,1, ,2,1,2,2,2,2,3,4, , , , , ,2,2,2,4,1,4,1,4,1,4,4,4,1,4,1,1,2,4,2,1,4,4,1,2,1,1,1,1,3,1,1,2,2,2,1,3,4,2, , , , , , ,3,3, ,3,2,4,1,3,1,5,1,4, , ,4, ,1, , ,5,62896,1975,1, ,2
4505,1,1,1, ,2,1,2,2,2,1,4,1,6, , , , ,1,2,1,2,2,5,1,5,2,2,2,2,2,2,2,6,6,5,2,2,2,2,3,5,2,1,1,2,1,1,1,1,1,1,5,4,1,1, , , , , , ,2,2, ,2,4,1,6,9,1,6,1,3, , ,4, ,1, , ,2,62822,1944,1, ,9
4742,1,1,1, ,2,1,1,3,2,3,3,3, , , , , ,2,2,2,1,1,1,1,3,2,1,1,4,1,4,2,2,3,2,2,2,3,3,2,1,2,1,1,2,3,1,1,1,2,2,1,2,2,1, , , , , , ,3,3, ,2,1,6,2,2,1,2,1,1,1, ,2,1, , , ,5,62812,1969,1, ,6
5116,1,1,1, ,13,1,1,2,2,1,2,1,6, , , , ,2,2,1,4,1,1,1,4,4,4,2,3,2,1,2,2,2,3,2,2,2,6,1,2,4,3,2,1,2,2,2,4,2,1,2,2,2,1, , , , , , ,3,2, ,3,4,4,3,9,5,6,3,5, , ,6, ,9, , , ,99999,9999,9, ,9
5440,1,1,1, ,13,1,1,2,2,1,2,3, , , , , ,1,2,1,1,1,1,1,2,1,1,1,4,1,4,3,2,2,2,2,2,3,2,1,3,1,1,2,1,3,2,1,1,1,1,4,2,2,1, , , , , , ,3,3, ,2,3,6,4,5,3,2,1,1,2, ,1,1, , , ,7,62278,1953,1, ,4
4035,2, , ,1,16,1,2,2,2,2,2,3, , , , , ,1,2,1,1,1,5,1,3,1,1,2,2,2,2,2,5,5,5,1,5,2,4,2,4,1,1,3,2,1,1,1,1,1,1,1,3,3,2, , , , , , ,2,3, ,3,1,3,3,9,1,5,1,1,1, ,4, ,1, , ,5,62803,1956,1, ,4
4395,2, , ,1,6,1,1,1,2,2,3,2, , , , , ,2,2,1,4,1,4,4,4,1,4,3,1,4,1,3,2,4,1,1,2,5,3,2,1,1,1,1,1,1,3,3,1,2,1,4,2,1,1, , , , , , ,3,3, ,2,1,6,1,1,2,5,1,1,4, ,1,1, , , ,3,62901,1958,1, ,9
5524,2, , ,1,13,1,2,2,2,1,2,3, , , , , ,3,1,1,1,2,1,1,4,5,2,5,5,2,2,2,2,2,2,2,1,2,2,2,5,2,1,1,2,1,1,1,1,3,3,2,3,5,3, , , , , , ,3,3, ,3,3,3,3,9,1,5,3,3, , ,1,1, , , ,5,62233,1937,1, ,9
5706,2, , ,1,6,1,1,1,1,1,2,2, , , , , ,1,1,1,4,1,4,1,4,1,1,2,4,1,5,2,2,1,1,1,1,1,2,1,1,2,1,1,1,1,1,1,1,3,1,1,1,2,1, , , , , , ,3,3, ,2,3,2,3,2,1,4,2,3, , ,1,1, , , ,2,62966,1942,1, ,3
3855,2, , ,1,9,1,1,1,3,2,3,2, , , , , ,1,1,1,4,2,4,3,4,1,1,1,1,2,3,2,1,1,1,1,1,3,4,2,1,1,1,1,2,1,1,1,1,2,2,2,2,2,2, , , , , , ,3,2, ,3,3,5,5,1,1,2,1,1,3, ,5, ,1, , ,5,62960,1986,1, ,3
4057,2, , ,1,18,1,2,2,2,1,4,3, , , , , ,2,2,2,4,3,3,4,4,2,1,1,1,1,2,2,5,5,5,1,6,3,2,3,4,2,4,1,2,1,2,1,1,1,1,5,2,2,1, , , , , , ,3,2, ,3,3,2,4,5,1,5,3,3, , ,2,1, , , ,1,62959,1949,1, ,1
4399,2, , ,1,18,1,1,3,2,2,3,3, , , , , ,2,2,2,2,2,1,1,4,2,3,5,4,1,2,2,2,2,2,1,2,4,3,2,3,1,1,3,1,3,2,1,4,1,3,4,1,2,1, , , , , , ,2,2, ,4,1,5,3,3,1,4,1,5, , ,5, ,2, , , ,62956,1976,8,NATIVE AMERICAN,1
4887,2, , ,1,18,1,1,2,2,2,3,4, , , , , ,2,1,2,1,1,1,1,4,1,1,2,2,1,3,3,5,2,2,2,2,3,4,2,1,1,1,1,2,1,1,1,2,3,1,3,1,4,2, , , , , , ,3,1, ,1,1,6,2,2,3,2,3,1,3, ,2,1, , , ,5,62959,1966,1, ,3
5050,2, , ,1,5,1,2,2,2,2,5,1,6, , , , ,3,2,1,1,1,1,1,4,2,5,5,4,1,5,2,2,3,6,2,2,4,2,3,4,3,3,1,1,2,1,1,2,2,1,2,3,2,1, , , , , , ,2,2, ,3,3,2,5,7,1,6,1,3, , ,1,1, , , ,2,62982,1937,1, ,3
5229,2, , ,1,9,1,1,2,2,2,3,4, , , , , ,2,1,2,1,2,5,5,3,2,4,5,4,2,5,5,2,2,2,2,2,6,6,1,2,3,3,3,1,3,1,2,1,2,1,5,5,5,3, , , , , , ,3,3, ,3,3,2,5,9,1,2,1,3, , ,1,1, , , ,2,62960,1950,1, ,9
5938,1,1,1, ,2,1,2,1,2,2,5,3, , , , , ,1,1,1,1,1,1,1,3,2,2,1,3,1,4,2,1,2,1,1,1,1,2,2,1,1,1,1,1,1,1,1,1,2,1,1,3,5,1, , , , , , ,2,3, ,2,1,3,3,4,1,3,3,3, , ,1,1, , , ,5,62812,1946,1, ,9
6372,1,1,1, ,9,1,1,2,2,2,4,1,2, , , , ,1,1,2,1,1,1,1,4,1,2,4,4,1,1,5,5,3,5,1,2,3,3,2,1,2,1,1,2,1,1,1,1,2,1,1,4,3,1, , , , , , ,3,3, ,3,3,4,2,6,3,5,1,1,1, ,1,1, , , ,1,62960,1976,1, ,4
6611,1,1,1, ,16,1,1,2,2,2,2,3, , , , , ,2,1,1,2,2,5,5,5,2,2,2,4,2,3,2,5,5,2,2,2,3,3,1,2,3,3,3,1,3,2,1,1,2,1,1,1,1,1, , , , , , ,2,2, ,2,4,5,5,5,1,4,2,1,1, ,6, ,9, , , ,62263,9999,9, ,9
7718,1,1,1, ,15,1,2,2,2,2,5,3, , , , , ,2,1,2,1,1,1,1,3,2,2,1,4,1,2,1,1,1,1,1,1,3,3,2,4,1,1,1,2,2,1,1,2,1,1,1,2,2,1, , , , , , ,2,2, ,1,2,5,5,5,1,2,2,3, , ,4, ,1, , ,5,62952,1960,1, ,6
8412,1,1,1, ,7,1,2,2,1,2,3,3, , , , , ,2,2,2,2,3,2,1,1,1,2,1,4,1,3,5,5,5,5,5,5,5,5,2,2,1,2,1,2,1,2,2,2,2,1,4,3,3,2, , , , , , ,2,2, ,3,1,2,4,2,1,4,1,1,1, ,4, ,1, , ,5,62864,1992,1, ,1
6068,2, , ,1,3,1,2,2,2,1,5,2, , , , , ,1,1,2,1,1,1,3,2,3,2,1,3,2,3,1,2,2,3,1,3,1,2,2,2,2,3,1,2,1,1,1,1,2,1,1,1,2,1, , , , , , ,3,3, ,2,3,2,3,2,3,1,1,2,2, ,1,1, , , ,2,62871,1960,1, ,4
6921,2, , ,1,4,1,1,1,2,1,3,3, , , , , ,2,1,1,1,1,2,1,4,2,2,2,3,2,3,2,2,1,2,1,1,1,2,2,3,3,1,1,1,1,3,1,3,2,2,1,3,2,1, , , , , , ,3,3, ,2,2,6,2,3,1,2,1,3, , ,1,1, , , ,5,62859,1945,1, ,4
7651,2, , ,1,12,1,2,2,2,1,3,4, , , , , ,2,2,2,2,2,3,1,3,3,3,2,3,1,3,2,2,2,2,1,5,3,4,2,1,1,1,1,2,3,1,1,1,3,1,1,2,2,2, , , , , , ,3,3, ,3,3,3,4,6,1,5,1,3, , ,1,1, , , ,2,62941,1949,1, ,4
8485,2, , ,1,2,1,2,2,2,2,3,2, , , , , ,2,2,2,1,1,2,2,4,1,1,1,4,1,4,2,2,2,2,2,2,3,4,2,2,1,1,1,2,1,1,1,1,2,1,1,2,2,3, , , , , , ,1,3, ,2,1,6,3,3,1,2,1,1,3, ,4, ,1, , ,5,62896,1960,1, ,7
5798,1,1,1, ,14,1,2,2,2,2,5,4, , , , , ,1,1,1,1,1,2,1,4,1,2,1,4,2,2,1,5,4,2,3,2,5,3,1,4,2,1,1,2,1,1,1,1,2,2,2,2,2,1, , , , , , ,2,2, ,1,1,4,3,4,3,2,1,3, , ,3,1, , , ,5,62930,1950,1, ,1
6172,1,1,1, ,6,1,2,3,2,1,3,2, , , , , ,2,1,1,4,1,4,4,4,1,2,3,2,3,3,5,2,2,2,2,2,2,2,2,1,2,1,3,2,1,1,4,2,1,3,2,2,5,3, , , , , , ,3,3, ,2,1,6,2,9,3,4,2,2,2, ,4, ,2, , , ,62903,1953,1, ,9
2240,2, , ,1,16,1,2,2,2,1,5,1,6, , , , ,2,1,1,1,1,3,1,4,1,1,1,4,1,3,2,2,2,2,2,2,1,1,1,4,2,3,1,1,3,1,1,1,2,1,4,2,2,1, , , , , , ,3,2, ,2,2,2,4,6,1,2,1,4, , ,1,1, , , ,5,62268,1956,1, ,3
6765,1,1,1, ,10,1,2,2,2,2,5,3, , , , , ,1,1,2,4,4,4,4,4,1,4,4,1,2,1,5,5,4,5,5,5,5,5,2,1,1,1,1,2,2,1,1,2,2,1,1,3,5,3, , , , , , ,3,3, ,4,2,4,6,8,3,3,1,1,1, ,5, ,3, , , ,62832,1974,1, ,5
2311,1,1,1, ,14,1,1,3,3,1,3,4, , , , , ,2,1,2,3,2,2,1,2,2,2,2,2,2,2,1,1,1,2,1,2,3,3,2,2,3,3,1,2,1,1,1,1,3,1,1,4,5,3, , , , , , ,2,3, ,4,4,2,6,8,1,2,1,2,5, ,4, ,1, , ,5,62946,1993,1, ,1
8352,1,1,1, ,16,1,1,3,2,3,4,4, , , , , ,3,3,3,3,5,5,1,5,5,2,5,2,2,5,1,2,5,5,5,5,2,6,3,4,6,4,1,2,4,4,1,1,3,1,2,4,5,3, , , , , , ,1,1, ,2,1,3,6,9,2,5,3,1,1, ,3,1, , , ,2,99999,1970,1, ,1
5856,2, , ,1,1,1,1,2,2,2,4,3, , , , , ,1,2,2,2,4,4,4,3,2,1,1,4,1,4,5,5,5,4,2,6,3,3,1,2,3,3,2,2,1,1,2,1,2,2,1,2,4,2, , , , , , ,2,2, ,3,3,1,3,9,3,5,1,3, , ,1,1, , , ,5,62969,1948,1, ,1
6196,2, , ,1,3,1,2,3,2,2,4,2, , , , , ,2,2,2,3,5,4,2,4,1,1,4,4,1,4,4,3,2,2,1,2,2,5,2,2,1,4,1,2,1,2,2,2,2,1,1,2,3,3, , , , , , ,1,3, ,2,3,2,4,3,1,3,1,3, , ,4, ,1, , ,5,62984,1943,1, ,9
6429,2, , ,1,14,1,2,2,2,3,3,2, , , , , ,2,2,2,2,1,4,2,4,4,4,4,4,2,3,2,2,6,2,1,1,3,3,2,2,1,3,1,2,1,1,1,1,3,3,4,1,3,2, , , , , , ,2,1, ,3,3,2,5,1,2,3,1,3, , ,1,1, , , ,2,62946,1932,1, ,1
6775,2, , ,1,18,1,2,3,3,3,2,4, , , , , ,2,2,2,3,3,3,5,3,3,3,3,2,2,3,2,2,2,2,2,2,2,2,2,5,3,3,1,1,3,1,1,1,2,2,3,2,2,1, , , , , , ,3,3, ,1,3,2,1,1,2,3,3,4, , ,3,2, , , , ,62948,1968,1, ,1
7856,2, , ,1,9,1,2,2,2,2,3,4, , , , , ,2,3,1,1,1,1,1,4,3,1,1,3,1,3,2,2,2,2,2,2,2,2,1,3,1,1,1,1,3,1,1,1,2,1,2,2,5,3, , , , , , ,3,3, ,2,1,6,3,9,1,3,1,2,4, ,1,1, , , ,2,62960,1949,1, ,3
8529,2, , ,1,7,1,1,2,2,2,5,3, , , , , ,1,2,1,1,1,1,1,4,1,1,3,3,2,3,2,2,2,5,5,5,6,2,1,1,3,3,2,1,3,2,2,2,2,2,1,2,2,2, , , , , , ,2,2, ,3,3,3,5,5,3,5,1,1,4, ,5, ,1, , ,5,62864,1953,1, ,1
6266,2, , ,1,3,1,2,2,2,3,3,2, , , , , ,2,1,2,2,1,1,1,4,1,2,2,4,1,3,3,2,2,1,1,2,2,3,2,1,3,3,1,2,2,1,1,1,2,2,1,2,3,2, , , , , , ,3,1, ,2,1,4,2,2,1,6,2,4, , ,5, ,3, , , ,62984,1984,1, ,4
7067,2, , ,1,14,1,2,2,2,1,4,2, , , , , ,2,1,2,3,3,1,2,1,1,1,1,2,1,4,1,1,2,1,1,1,3,4,2,4,2,1,1,1,3,1,1,2,2,2,1,1,1,1, , , , , , ,1,3, ,2,2,4,4,1,1,2,1,1,3, ,1,1, , , ,2,62917,1964,1, ,5
7399,2, , ,1,4,1,2,2,2,2,4,2, , , , , ,2,2,1,2,2,4,2,4,1,2,1,2,1,4,1,1,1,1,2,1,1,2,2,3,1,1,1,1,3,1,2,2,1,1,1,1,2,1, , , , , , ,3,3, ,1,2,2,2,1,1,2,1,1,1, ,1,1, , , ,5,62859,1955,1, ,5
6203,2, , ,1,18,1,1,2,2,3,3,2, , , , , ,3,3,3,1,1,1,4,4,5,2,1,4,1,4,1,1,1,1,1,1,6,2,3,2,3,4,3,2,1,1,1,1,2,1,1,1,2,3, , , , , , ,3,3, ,2,2,1,1,1,1,5,2,3, , ,5, ,1, , ,6,62948,1937,1, ,1
7713,2, , ,1,18,1,2,2,2,1,3,1,4, , , , ,1,1,1,3,1,2,1,4,1,3,3,1,2,4,1,1,1,1,1,1,1,1,2,3,1,1,1,1,3,1,1,1,1,1,1,1,1,1, , , , , , ,3,3, ,3,2,6,5,7,3,5,1,3, , ,1,1, , , ,2,62959,1945,1, ,9
6438,2, , ,1,3,1,2,2,2,2,4,4, , , , , ,2,2,2,2,2,4,2,4,3,3,2,3,2,2,1,1,1,1,1,2,3,4,2,1,2,1,1,2,1,1,1,1,2,1,2,3,3,2, , , , , , ,2,2, ,3,3,6,4,9,1,2,1,2,5, ,4, ,1, , ,2,62931,1959,1, ,5
2182,2, , ,1,7,1,2,2,2,1,3,4, , , , , ,1,2,2,1,2,2,1,4,1,1,1,1,1,4,1,2,2,6,1,5,5,3,2,1,1,1,1,2,1,1,1,1,2,1,1,1,5,2, , , , , , ,2,3, ,2,4,2,6,9,1,5,2,3, , ,5, ,1, , ,5,62810,1936,1, ,1
8341,2, , ,1,6,1,2,2,2,2,3,2, , , , , ,2,3,2,1,1,1,1,2,2,2,3,3,2,5,2,2,2,2,2,2,3,3,2,2,2,1,1,2,3,1,1,1,1,1,1,2,5,1, , , , , , ,3,3, ,2,1,2,3,9,1,3,1,2,1, ,2,1, , , ,2,62966,1953,1, ,1
5809,1,1,1, ,13,1,1,2,2,1,3,2, , , , , ,3,2,1,2,1,4,1,2,2,3,1,4,1,4,1,1,4,3,2,5,3,3,2,2,3,3,1,1,3,1,1,1,2,3,1,1,2,3, , , , , , ,3,3, ,3,3,2,4,2,1,3,3,3, , ,1,1, , , ,3,62288,1934,1, ,3
6057,1,1,1, ,6,1,1,1,1,1,3,3, , , , , ,1,2,2,4,4,1,1,4,2,1,1,2,1,4,2,2,1,4,1,4,3,2,1,2,2,1,2,2,3,1,1,1,2,1,1,1,2,2, , , , , , ,3,3, ,2,2,5,3,2,2,2,1,4, , ,5, ,1, , ,3,62966,1943,1, ,3
6809,1,1,1, ,18,1,1,1,1,1,3,2, , , , , ,2,2,2,1,1,2,1,4,2,1,1,3,1,3,2,1,1,1,1,5,2,2,2,1,1,1,1,2,3,2,2,2,2,2,2,1,2,1, , , , , , ,1,1, ,1,1,5,2,3,1,3,1,3, , ,5, ,2, , , ,62951,1944,1, ,3
8330,1,1,1, ,18,1,1,3,2,1,4,4, , , , , ,1,2,2,1,1,2,2,1,3,4,2,4,1,1,2,2,1,1,1,1,6,6,2,4,1,1,1,2,3,1,1,1,3,3,4,3,4,2, , , , , , ,2,1, ,1,2,2,3,4,2,4,1,4, , ,3,1, , , ,5,62959,1995,1, ,9
5853,2, , ,1,14,1,1,2,2,2,4,1,2, , , , ,1,1,1,4,1,4,1,1,2,2,1,1,1,1,2,1,5,2,2,2,2,2,2,1,2,1,1,2,1,1,1,2,1,1,2,3,2,2, , , , , , ,2,3, ,2,3,2,4,6,3,5,1,3, , ,3,1, , , ,1,62930,1951,1, ,3
6033,2, , ,1,10,1,2,2,2,2,5,4, , , , , ,2,3,2,1,1,1,1,3,1,5,5,4,1,1,1,1,5,1,1,2,4,4,2,1,2,3,1,2,1,1,2,1,2,1,1,2,2,1, , , , , , ,2,2, ,2,1,3,4,9,1,5,1,4, , ,4, ,1, , ,5,62274,1977,1, ,1
5406,1,1,1, ,8,1,2,2,2,1,5,1,6, , , , ,1,1,1,1,1,5,1,4,2,2,1,2,1,3,1,1,2,1,1,2,2,2,3,2,2,3,1,2,1,1,4,2,3,1,1,2,1,1, , , , , , ,3,3, ,3,3,3,4,8,1,4,1,1,1, ,1,1, , , ,1,62939,1959,1, ,9
2062,1,1,1, ,6,1,1,2,2,1,4,1,6, , , , ,1,2,3,1,1,1,4,4,1,1,1,4,1,4,3,2,4,2,1,2,3,2,1,2,1,3,2,1,3,1,1,3,2,2,1,2,1,1, , , , , , ,3,2, ,2,3,5,4,6,1,4,1,3, , ,5, ,1, , ,5,62966,1926,1, ,5
6735,2, , ,1,8,1,1,2,2,3,2,1,6, , , , ,2,1,1,1,2,1,5,4,2,3,2,4,1,4,2,2,5,5,1,2,2,2,1,5,2,3,3,1,3,1,1,1,2,1,1,3,2,2, , , , , , ,1,3, ,2,3,2,4,5,2,2,1,2,1, ,4, ,1, , ,5,62995,1958,1, ,3
7199,2, , ,1,3,1,2,3,2,1,4,2, , , , , ,3,2,3,3,3,4,4,4,3,3,3,2,3,4,2,2,2,2,2,2,6,5,2,2,3,3,1,2,3,1,1,2,2,2,2,4,4,2, , , , , , ,2,3, ,2,3,2,4,1,1,5,1,3, , ,4, ,3, , , ,62984,1936,1, ,9
8309,1,1,1, ,14,1,1,2,2,1,2,1,6, , , , ,2,1,1,1,1,1,1,4,1,1,2,4,1,4,2,2,5,2,2,2,2,2,1,4,2,1,1,1,3,1,1,1,2,1,1,3,2,1, , , , , , ,3,3, ,3,3,6,5,5,1,4,1,1,1, ,1,1, , , ,5,62946,1964,1, ,6
5790,2, , ,1,17,1,2,2,2,2,1,2, , , , , ,1,1,1,1,1,1,4,1,1,1,2,2,1,1,2,2,2,3,2,2,1,3,2,2,3,3,2,1,3,2,1,2,2,2,1,1,4,2, , , , , , ,2,1, ,3,3,2,5,1,3,3,2,4, , ,3,1, , , ,2,62821,1964,1, ,3
6454,2, , ,1,12,1,2,2,1,1,4,3, , , , , ,2,2,2,1,1,4,1,4,4,4,4,3,4,4,1,1,1,1,1,1,3,3,2,1,2,3,1,2,1,1,1,1,2,2,4,3,4,3, , , , , , ,2,3, ,3,3,2,2,2,1,5,1,1,1, ,1,1, , , ,2,62963,1942,1, ,1
6701,2, , ,1,17,1,2,2,2,1,3,1,6, , , , ,2,2,2,1,1,2,4,4,3,2,1,4,1,1,2,2,2,3,2,2,2,2,1,2,2,1,2,1,3,1,1,1,2,1,3,1,3,2, , , , , , ,3,3, ,1,1,5,4,6,1,4,1,3, , ,4, ,1, , ,5,62821,1950,1, ,9
7727,2, , ,1,17,1,2,1,3,2,5,4, , , , , ,1,2,1,1,1,4,1,4,2,3,2,3,1,4,2,2,2,2,3,2,3,2,2,5,1,1,1,2,1,1,1,1,1,1,1,1,4,2, , , , , , ,2,1, ,1,1,3,5,9,2,2,1,4, , ,1,1, , , ,6,62821,1945,1, ,1
8288,2, , ,1,5,1,2,1,2,1,4,2, , , , , ,2,1,2,1,1,1,1,4,1,1,1,4,1,3,2,2,2,2,2,2,2,2,2,1,1,1,1,2,3,1,1,1,2,1,2,1,3,2, , , , , , ,1,1, ,2,1,5,2,1,3,2,1,1,3, ,3,1, , , ,5,62982,1964,5, ,3
5964,2, , ,1,13,1,2,3,1,1,2,4, , , , , ,3,3,2,4,2,5,3,3,1,5,5,1,1,5,2,2,2,2,2,2,4,3,1,3,3,3,1,2,1,1,1,4,2,3,3,5,5,1, , , , , , ,3,1, ,1,4,3,3,9,1,5,1,3, , ,1,1, , , ,5,62292,9999,1, ,9
6966,2, , ,1,14,1,1,2,2,1,3,1,2, , , , ,1,1,1,5,1,3,5,3,1,1,1,4,1,4,2,2,5,4,2,2,2,3,3,4,1,1,3,3,1,4,1,2,2,1,2,1,2,1, , , , , , ,3,4, ,2,2,5,5,7,1,2,1,4, , ,3,1, , , ,5,62946,1973,1, ,4
7721,2, , ,1,13,1,2,2,2,1,3,4, , , , , ,1,1,1,1,1,2,1,4,1,1,1,2,1,2,2,2,2,2,1,2,2,2,2,2,2,3,2,2,2,1,1,3,2,1,2,3,5,1, , , , , , ,3,3, ,3,3,5,4,9,1,2,3,1,1, ,2,1, , , ,5,62261,1981,1, ,5
3819,2, , ,1,15,1,2,2,2,3,3,1,6, , , , ,2,2,3,2,2,4,5,4,5,3,2,5,2,5,2,2,3,2,2,2,3,3,1,4,1,1,1,1,3,2,1,1,2,1,1,2,3,2, , , , , , ,2,2, ,3,3,1,4,7,3,5,1,3, , ,1,1, , , ,2,99999,1927,1, ,9
8670,2, , ,1,13,1,1,2,2,1,2,2, , , , , ,1,1,1,2,2,2,5,2,2,2,2,2,2,2,2,2,2,2,2,2,3,3,2,1,2,3,1,2,3,1,1,1,2,2,2,4,4,2, , , , , , ,3,3, ,3,3,2,5,7,1,1,2,3, , ,3,1, , , ,5,62278,1934,1, ,4
8886,2, , ,1,13,1,2,1,3,1,1,2, , , , , ,3,1,2,1,1,1,4,5,1,3,1,3,2,3,2,1,2,2,1,2,2,3,2,1,1,1,1,2,1,1,1,1,3,1,1,1,2,2, , , , , , ,3,3, ,2,2,3,2,2,1,2,1,3, , ,2,1, , , ,5,62278,1948,1, ,3
9057,2, , ,1,5,1,2,2,2,2,5,4, , , , , ,1,2,2,2,1,2,1,5,1,5,1,1,1,4,2,2,2,2,2,2,3,5,2,5,2,2,1,2,1,1,1,1,1,1,3,2,2,1, , , , , , ,2,3, ,3,3,2,4,8,3,5,3,2,5, ,1,1, , , ,2,62919,1953,1, ,1
9598,2, , ,1,7,1,2,2,2,2,3,3, , , , , ,1,1,1,1,1,1,1,4,3,2,1,3,3,4,2,1,1,1,1,1,2,2,2,4,2,3,1,2,2,1,2,2,1,1,1,1,4,2, , , , , , ,1,1, ,1,1,6,3,4,1,3,3,1,1, ,3,1, , , ,5,62864,1977,1, ,6
9045,2, , ,1,13,1,2,2,2,2,3,4, , , , , ,2,1,2,1,1,4,2,2,4,3,3,4,1,4,4,2,2,2,2,2,2,2,1,4,3,3,1,2,1,1,2,2,3,3,1,1,4,2, , , , , , ,3,3, ,1,1,4,2,3,1,2,2,1,2, ,5, ,1, , ,5,62288,1946,1, ,3
9142,2, , ,1,2,1,2,2,2,2,5,4, , , , , ,1,1,1,1,1,1,1,5,1,1,2,3,2,3,4,2,2,2,4,2,3,3,1,1,1,1,3,1,2,2,1,1,2,1,1,1,5,2, , , , , , ,1,1, ,2,3,6,5,9,2,2,1,1,2, ,5, ,1, , ,5,62890,1951,1, ,5
9453,2, , ,1,9,1,2,2,2,2,2,1,6, , , , ,1,2,2,1,2,1,3,3,1,2,2,2,2,2,2,2,2,2,2,2,2,2,3,1,2,3,1,2,4,1,1,3,3,1,1,3,5,3, , , , , , ,2,2, ,2,2,3,3,6,1,2,1,1,2, ,5, ,1, , ,2,62960,1954,1, ,3
10291,2, , ,1,13,1,2,3,2,3,3,4, , , , , ,3,2,1,5,2,1,1,2,2,5,1,1,1,5,1,2,5,1,1,2,6,6,2,1,3,3,3,2,1,1,2,2,2,3,2,4,5,3, , , , , , ,2,4, ,3,4,2,6,9,1,5,3,3, , ,1,1, , , ,5,62261,1947,1, ,1
426,1,1,1, ,2,1,1,1,1,2,5,2, , , , , ,3,1,3,2,2,3,2,2,1,2,1,2,1,1,2,2,2,1,2,5,2,1,3,4,1,3,2,2,4,1,1,3,2,2,3,1,5,3, , , , , , ,2,2, ,4,1,2,2,9,3,1,3,5, , ,1,1, , , ,2,62812,1951,5, ,9
8971,1,1,1, ,2,1,1,2,2,1,2,4, , , , , ,1,2,2,2,2,2,1,4,3,3,2,3,3,3,2,2,2,1,2,2,2,2,2,5,1,1,1,3,3,1,1,1,2,2,1,1,3,2, , , , , , ,1,3, ,3,4,3,3,4,3,6,3,2,1, ,1,1, , , ,2,62896,1994,1, ,9
9290,1,1,1, ,6,1,2,1,2,1,2,4, , , , , ,2,1,2,2,1,2,1,2,1,1,3,3,2,2,2,2,2,2,2,2,2,2,2,1,1,3,3,1,3,2,1,2,1,1,1,3,2,1, , , , , , ,3,2, ,2,1,6,2,4,2,3,2,3, , ,5, ,3, , , ,62907,1947,1, ,5
10479,1,1,1, ,7,1,1,2,2,1,3,1,6, , , , ,1,1,2,1,2,1,1,4,3,1,1,4,2,3,1,1,1,2,2,2,2,2,2,5,3,3,2,1,3,2,1,2,2,1,1,2,2,1, , , , , , ,3,3, ,2,2,5,5,7,1,4,1,1,1, ,1,1, , , ,4,62864,1987,1, ,2
7107,1,1,1, ,18,1,1,2,2,2,3,1,2, , , , ,1,1,1,1,1,1,1,4,1,1,1,4,1,4,1,2,4,3,2,2,3,3,1,2,3,3,2,2,2,2,2,2,2,1,1,1,2,1, , , , , , ,2,2, ,3,3,3,5,5,1,2,2,1,3, ,1,1, , , ,2,62918,1970,1, ,2
8764,1,1,1, ,10,1,1,2,2,2,2,2, , , , , ,2,1,1,1,1,1,1,2,2,4,4,4,1,4,1,1,3,1,1,5,3,4,2,2,1,1,1,2,3,1,1,1,2,2,1,3,3,1, , , , , , ,3,2, ,2,1,4,2,2,3,3,1,1,1, ,5, ,1, , ,5,62888,1967,1, ,5
9024,1,1,1, ,8,1,1,1,2,1,2,1,6, , , , ,1,2,2,2,2,5,4,4,2,2,1,3,1,5,1,1,1,1,1,1,2,2,2,1,1,1,3,1,3,1,1,2,3,1,1,2,2,1, , , , , , ,1,3, ,2,1,2,4,7,3,2,1,3, , ,4, ,1, , ,5,62939,1957,1, ,6
9252,1,1,1, ,2,1,1,2,2,2,3,3, , , , , ,1,1,2,1,1,1,1,4,4,1,1,4,1,4,2,2,2,2,2,2,3,3,2,5,2,1,1,1,2,1,2,1,2,1,1,3,4,2, , , , , , ,3,3, ,2,3,2,3,1,1,3,1,1,1, ,4, ,1, , ,1,62999,1957,1, ,5
9887,1,1,1, ,6,1,1,2,2,1,3,1,6, , , , ,2,1,2,1,1,4,1,4,1,3,1,2,1,2,1,1,1,1,1,1,2,2,2,1,1,1,1,2,3,1,1,1,1,1,1,4,2,1, , , , , , ,1,1, ,2,2,3,4,7,1,4,1,2,1, ,1,1, , , ,4,62966,1945,1, ,4
8442,2, , ,1,16,1,1,1,1,1,1,2, , , , , ,1,1,2,2,3,2,3,2,3,2,1,3,2,1,5,5,2,5,2,5,4,1,1,1,1,1,1,2,2,1,1,1,2,1,1,3,5,1, , , , , , ,1,1, ,2,1,3,2,3,2,2,1,3, , ,3,1, , , ,5,62263,1938,1, ,4
8610,2, , ,1,14,1,2,2,2,2,4,4, , , , , ,2,3,3,2,2,1,1,3,2,5,2,2,2,4,2,2,2,5,1,2,2,2,2,4,2,1,1,2,3,1,1,4,1,1,2,2,3,3, , , , , , ,2,3, ,3,4,4,2,6,1,2,1,1,1, ,3,1, , , ,1,62930,1956,1, ,3
8856,2, , ,1,15,1,2,2,2,1,5,1,6, , , , ,2,1,1,4,4,4,5,4,1,1,2,2,2,4,5,5,5,5,5,5,4,5,1,4,1,3,2,2,3,1,2,1,2,2,1,4,5,3, , , , , , ,3,3, ,3,2,3,5,7,1,4,3,3, , ,3,1, , , ,5,62926,1935,2, ,1
9656,2, , ,1,12,1,2,1,2,1,5,3, , , , , ,2,1,2,1,1,2,1,3,2,2,2,4,1,2,1,1,1,2,1,1,2,3,3,2,2,3,1,1,1,1,1,1,2,1,1,4,5,1, , , , , , ,2,1, ,2,1,3,4,5,1,3,1,1,1, ,3,1, , , ,1,62996,1973,5, ,6
10061,2, , ,1,6,1,1,2,2,2,2,2, , , , , ,2,2,2,4,3,4,4,4,1,5,3,2,4,4,5,2,1,1,2,2,1,1,2,1,1,1,1,2,1,1,2,2,1,1,2,1,4,2, , , , , , ,1,1, ,2,1,4,1,1,3,2,2,1,4, ,5, ,2, , , ,62907,1956,1, ,1
8615,2, , ,1,18,1,1,2,2,1,3,2, , , , , ,2,1,2,1,1,1,3,2,2,1,1,4,1,3,2,2,3,2,2,2,3,4,1,4,3,3,1,2,2,1,1,1,2,1,1,2,2,1, , , , , , ,2,2, ,2,2,3,3,3,1,3,1,3, , ,1,1, , , ,5,62915,1945,1, ,3
8840,2, , ,1,4,1,2,2,2,1,3,2, , , , , ,1,2,1,2,4,3,1,4,1,2,4,2,3,4,1,1,1,1,1,3,3,3,2,1,1,1,1,2,3,1,1,1,1,1,1,3,2,2, , , , , , ,3,3, ,3,3,3,3,3,3,3,1,3, , ,1,1, , , ,2,62859,1948,1, ,1
9035,2, , ,1,10,1,1,2,2,1,5,1,2, , , , ,1,2,1,3,2,4,1,4,2,2,2,1,2,4,4,1,4,2,2,2,3,3,1,5,4,2,2,2,1,1,2,1,2,1,1,3,1,1, , , , , , ,1,1, ,3,3,3,1,7,1,6,1,3, , ,1,1, , , ,2,62274,1942,1, ,3
9104,2, , ,1,12,1,2,1,1,1,3,1,6, , , , ,1,1,1,1,2,2,2,1,1,1,1,1,1,1,1,1,1,1,1,1,2,2,2,1,1,1,1,1,3,1,2,1,1,1,4,3,4,2, , , , , , ,3,3, ,3,2,2,5,7,3,4,1,3, , ,3,1, , , ,1,62901,1927,2, ,1
9427,2, , ,1,2,1,1,1,2,1,1,2, , , , , ,2,1,2,1,1,1,1,4,1,1,1,4,1,2,1,1,1,1,1,1,3,2,2,1,3,3,2,1,3,2,2,2,2,1,1,1,2,1, , , , , , ,1,1, ,2,1,5,3,3,1,4,2,1,1, ,2,1, , , ,2,62812,1980,1, ,4
9841,2, , ,1,2,1,1,2,2,1,4,2, , , , , ,2,1,1,4,3,1,1,4,1,1,4,2,3,3,1,1,1,1,1,1,1,1,1,2,2,3,1,1,3,1,1,3,1,1,1,1,1,1, , , , , , ,3,3, ,2,2,3,4,5,1,3,2,2,3, ,1,1, , , ,2,62896,1952,1, ,5
10091,2, , ,1,18,1,2,3,1,1,3,4, , , , , ,3,3,1,1,5,3,1,5,5,2,5,5,1,4,1,1,1,1,1,6,2,2,1,5,2,1,1,1,4,1,1,1,2,1,2,5,5,3, , , , , , ,3,3, ,2,4,3,4,9,1,5,1,3, , ,2,1, , , ,5,62959,1924,1, ,2
10516,2, , ,1,18,1,2,2,2,1,4,2, , , , , ,2,1,1,1,2,1,2,4,2,2,1,3,3,3,3,2,2,2,2,2,3,2,2,5,1,1,3,2,1,1,2,1,1,1,1,2,3,2, , , , , , ,2,2, ,2,1,6,3,1,2,3,1,3, , ,1,1, , , ,5,62918,1949,9, ,4
8545,2, , ,1,6,1,2,1,3,2,4,2, , , , , ,2,2,2,2,3,4,1,3,1,4,3,4,4,3,3,3,3,3,3,3,5,5,2,1,1,1,2,2,2,1,1,2,2,1,1,4,5,3, , , , , , ,2,3, ,2,2,6,3,2,4,3,1,4, , ,1,2, , , , ,62903,1965,2, ,6
9041,2, , ,1,17,1,2,2,2,2,4,1,6, , , , ,1,2,2,1,1,1,1,4,1,1,1,4,1,4,1,1,1,1,1,5,2,2,3,3,1,4,3,2,1,2,1,2,3,3,1,1,1,1, , , , , , ,2,4, ,3,3,6,5,7,2,5,1,3, , ,2,1, , , ,2,62887,1942,1, ,2
7388,2, , ,1,7,1,1,3,2,2,2,1,6, , , , ,2,1,2,1,1,4,1,4,1,1,1,4,1,4,2,2,3,2,2,2,1,1,1,1,2,3,2,1,3,3,1,1,2,1,1,2,2,2, , , , , , ,3,3, ,2,1,3,3,5,3,3,3,1,1, ,4, ,1, , ,5,62864,1965,1, ,1
9549,2, , ,1,7,1,1,3,2,1,2,2, , , , , ,3,1,2,1,5,3,3,5,2,2,5,3,3,5,2,2,2,2,2,2,3,3,3,5,2,3,1,3,3,1,1,1,1,1,3,5,5,2, , , , , , ,3,3, ,2,3,2,4,9,1,3,1,3, , ,1,1, , , ,2,62864,1936,1, ,4
10476,2, , ,1,5,1,1,1,1,1,2,2, , , , , ,2,1,1,2,1,1,1,4,2,2,1,1,1,4,1,2,1,1,1,1,2,2,2,5,2,1,1,2,1,1,1,1,2,3,1,3,2,3, , , , , , ,3,3, ,1,1,2,2,1,1,1,1,3, , ,2,1, , , ,5,62982,1935,1, ,1
9174,2, , ,1,18,1,1,2,2,2,3,1,3, , , , ,1,2,2,1,1,1,1,2,1,3,2,3,1,2,1,1,1,1,1,1,3,3,2,1,2,1,1,1,1,1,1,1,2,2,2,1,2,2, , , , , , ,3,2, ,2,3,5,4,6,1,2,2,3, , ,1,1, , , ,3,62922,1951,1, ,4
9838,2, , ,1,2,1,2,2,2,2,2,2, , , , , ,2,2,2,1,2,1,1,3,1,1,3,3,4,4,1,2,3,1,1,2,2,2,1,2,3,3,1,1,3,1,1,1,2,1,1,2,2,1, , , , , , ,3,3, ,2,3,2,2,2,1,5,1,1,2, ,2,1, , , ,5,62836,1952,1, ,2
10032,2, , ,1,16,1,2,2,2,3,3,1,6, , , , ,2,1,1,1,1,1,1,4,1,1,2,2,1,3,2,2,6,2,2,2,3,3,1,2,3,3,2,3,1,1,1,4,2,1,1,1,3,2, , , , , , ,2,2, ,2,2,5,4,6,2,5,3,3, , ,5, ,3, , , ,62271,1933,1, ,1
8998,1,1,1, ,6,1,1,1,1,1,2,4, , , , , ,1,1,1,2,1,1,1,2,2,2,2,2,2,3,2,2,2,2,2,2,2,2,1,2,2,1,2,1,1,1,1,2,2,1,1,2,3,2, , , , , , ,3,1, ,2,2,2,3,4,3,4,3,1,4, ,3,1, , , ,5,62966,1979,1, ,3
8535,2, , ,1,18,1,2,3,2,3,3,2, , , , , ,1,1,3,2,2,3,1,3,3,1,2,1,2,2,1,2,1,2,2,2,3,2,2,1,1,1,2,2,3,2,2,1,1,1,1,2,2,2, , , , , , ,3,3, ,2,2,2,3,1,1,5,3,3, , ,2,1, , , ,2,62918,1922,1, ,1
9440,1,1,1, ,15,1,2,2,1,2,3,4, , , , , ,3,3,2,4,1,4,1,4,4,5,5,4,1,3,2,2,2,2,1,2,3,3,2,2,1,1,2,2,1,1,1,1,2,1,5,4,5,3, , , , , , ,3,3, ,2,4,2,3,9,2,5,1,3, , ,4, ,1, , ,5,99999,9999,1, ,9
9595,1,1,1, ,18,1,2,2,2,2,4,3, , , , , ,2,1,2,4,2,4,4,1,3,4,4,4,1,1,1,1,1,1,1,1,3,3,2,1,1,1,1,2,1,1,2,2,2,2,1,4,5,3, , , , , , ,1,1, ,3,1,3,5,9,1,4,1,2,1, ,4, ,1, , ,5,62948,1980,1, ,1
9963,1,1,1, ,10,1,1,3,3,2,2,3, , , , , ,3,2,2,1,1,1,5,1,1,5,5,2,1,4,3,2,1,1,2,2,6,1,3,2,3,3,2,2,3,1,1,1,2,3,1,3,5,2, , , , , , ,3,3, ,2,4,2,4,2,1,5,3,1,1, ,4, ,1, , ,5,62832,1955,1, ,2
8635,2, , ,1,17,1,2,2,2,3,4,1,6, , , , ,2,2,3,1,1,4,2,3,2,3,1,3,1,1,3,2,2,2,3,3,2,2,2,3,2,4,3,2,1,1,1,3,2,2,3,1,1,1, , , , , , ,3,1, ,3,3,2,5,7,1,3,1,3, , ,1,1, , , ,5,62821,1931,1, ,5
6237,2, , ,1,18,1,1,2,2,2,3,1,3, , , , ,2,2,1,4,5,3,1,1,1,1,1,4,2,4,1,1,2,2,1,1,5,3,1,2,3,2,3,1,2,1,1,2,2,2,1,2,2,1, , , , , , ,2,3, ,3,3,3,5,7,1,4,3,3, , ,1,2, , , , ,62918,9999,9, ,9
9430,2, , ,1,3,1,1,2,2,2,3,2, , , , , ,2,2,1,4,4,1,4,4,1,3,4,5,4,3,1,1,4,1,1,4,5,3,1,4,3,1,1,2,1,3,2,2,2,1,1,2,2,2, , , , , , ,2,3, ,2,3,5,4,1,1,2,1,2,4, ,1,1, , , ,5,62984,1957,1, ,3
10540,2, , ,1,10,1,2,3,2,1,2,2, , , , , ,2,3,1,3,1,4,4,4,1,4,3,3,3,3,1,1,2,1,2,1,3,3,2,1,2,1,1,2,2,1,1,3,2,1,1,2,2,1, , , , , , ,3,3, ,3,1,2,3,1,3,3,1,3, , ,3,1, , , ,5,62832,1942,1, ,5
10796,2, , ,1,7,1,2,2,2,1,3,2, , , , , ,2,1,1,1,2,1,1,3,1,1,1,1,2,2,2,5,3,2,2,2,2,3,2,1,3,1,3,2,1,1,1,1,2,2,1,3,5,3, , , , , , ,1,1, ,2,1,6,2,2,1,4,2,1,4, ,1,1, , , ,5,62864,1980,1, ,6
11067,2, , ,1,6,1,2,2,2,1,3,4, , , , , ,2,2,2,2,2,4,1,1,4,5,2,4,5,5,1,1,6,2,1,1,6,3,2,2,1,3,1,2,2,1,1,1,2,1,1,1,4,2, , , , , , ,3,3, ,3,3,2,4,3,1,5,1,3, , ,1,1, , , ,2,62966,9999,1, ,9
11596,2, , ,1,7,1,2,2,1,1,4,2, , , , , ,2,2,3,2,3,2,3,2,2,3,3,2,1,3,2,2,2,1,2,2,2,3,2,4,1,1,1,2,1,1,1,1,2,2,2,3,2,1, , , , , , ,3,3, ,2,3,1,4,2,2,5,1,3, , ,1,1, , , ,2,62864,1929,1, ,1
10737,2, , ,1,6,1,2,2,2,1,1,3, , , , , ,2,1,3,2,2,1,1,5,5,5,2,2,2,2,2,5,2,2,2,2,3,1,3,1,3,3,1,1,1,1,1,2,2,1,2,1,2,2, , , , , , ,3,3, ,1,3,5,3,8,3,3,1,1,2, ,2,1, , , ,5,62907,1959,1, ,9
11318,2, , ,1,17,1,1,2,2,1,2,1,6, , , , ,1,2,1,2,2,2,2,2,1,2,5,2,1,4,2,1,2,2,2,2,4,1,2,4,3,1,1,1,3,1,1,1,1,1,1,1,2,1, , , , , , ,1,1, ,3,3,2,4,6,3,2,1,1,1, ,1,1, , , ,4,62869,1994,1, ,3
11688,2, , ,1,14,1,1,2,2,2,3,4, , , , , ,2,1,1,1,1,3,1,4,1,1,2,4,1,2,1,1,2,2,2,2,3,3,2,5,2,3,1,1,3,1,1,1,1,1,1,1,5,3, , , , , , ,2,3, ,2,3,2,3,3,1,2,3,3, , ,4, ,1, , ,2,62946,1940,1, ,3
12028,2, , ,1,7,1,2,2,2,2,5,1,6, , , , ,2,1,1,1,1,1,4,4,1,1,1,4,1,3,1,1,3,2,1,1,3,3,1,2,2,1,1,2,1,1,1,1,2,1,2,1,1,1, , , , , , ,2,2, ,3,3,5,5,7,1,2,2,1,4, ,2,1, , , ,5,62898,1958,1, ,7
12221,2, , ,1,18,1,2,2,2,1,2,3, , , , , ,2,3,2,1,1,1,1,4,2,2,1,3,2,4,1,1,2,2,1,1,1,1,2,3,2,1,3,2,1,1,1,2,1,1,1,2,2,1, , , , , , ,3,3, ,1,1,3,3,3,1,2,1,3, , ,1,2, , , , ,62959,1955,1, ,5
10813,2, , ,1,7,1,2,1,1,1,3,2, , , , , ,1,2,2,2,4,4,1,3,3,3,2,4,2,4,2,2,2,2,2,2,3,2,3,1,2,1,1,2,1,1,1,1,1,1,3,2,4,2, , , , , , ,1,1, ,2,3,4,6,1,1,5,1,3, , ,1,1, , , ,1,62864,1941,1, ,1
12789,2, , ,1,6,1,1,2,2,1,2,2, , , , , ,2,2,3,1,3,4,1,4,2,2,3,5,2,5,3,3,2,6,3,3,3,2,3,1,1,1,3,1,1,2,1,4,2,1,2,1,3,2, , , , , , ,3,3, ,2,1,5,3,3,2,2,1,3, , ,5, ,3, , , ,62903,1947,1, ,5
11105,2, , ,1,6,1,2,1,2,2,3,2, , , , , ,2,1,2,1,1,5,4,3,4,5,5,2,2,2,2,2,2,6,2,2,3,3,1,1,1,1,1,2,1,1,1,1,1,3,1,3,1,3, , , , , , ,3,1, ,2,4,2,3,1,3,5,3,3, , ,2,1, , , ,2,62901,1940,2, ,1
11343,2, , ,1,2,1,2,2,2,2,4,2, , , , , ,1,1,2,3,3,2,1,2,1,1,2,3,3,2,2,2,3,2,2,5,1,2,1,2,1,3,3,2,2,1,1,1,1,1,1,1,3,2, , , , , , ,3,3, ,2,2,2,3,2,2,2,3,3, , ,4, ,1, , ,5,62819,1959,1, ,1
11726,2, , ,1,2,1,2,2,2,3,4,1,6, , , , ,2,2,2,1,1,2,1,4,2,1,1,3,2,3,2,2,2,2,1,2,5,5,1,4,2,3,3,2,1,1,1,1,2,1,1,1,5,1, , , , , , ,3,1, ,2,2,3,4,5,1,2,1,3, , ,2,1, , , ,3,62896,1929,1, ,4
12604,2, , ,1,14,1,2,2,2,1,2,2, , , , , ,2,3,1,2,5,5,2,4,2,2,5,5,5,3,2,1,2,2,2,2,2,2,2,2,2,1,1,2,3,1,1,1,1,1,1,1,2,1, , , , , , ,3,3, ,2,3,4,3,1,3,2,1,1,3, ,1,1, , , ,2,62930,1946,1, ,3
11163,1,1,1, ,18,1,1,2,2,1,2,3, , , , , ,2,3,2,2,2,1,3,4,2,2,2,3,1,3,5,2,2,2,5,5,2,2,1,1,2,1,1,1,3,1,1,4,2,1,1,1,4,2, , , , , , ,2,1, ,1,1,4,1,1,1,3,1,4, , ,5, ,3, , , ,62959,1990,1, ,1
11358,1,1,1, ,10,1,1,3,2,2,5,3, , , , , ,2,1,2,2,2,1,1,4,2,1,3,2,1,2,3,2,1,1,2,2,1,1,2,3,1,1,1,2,1,1,1,2,2,2,1,1,4,2, , , , , , ,3,3, ,2,1,6,2,4,1,3,1,4, , ,5, ,3, , , ,62832,1972,1, ,1
11598,1,1,1, ,14,1,2,2,2,1,3,1,6, , , , ,2,2,2,1,2,1,1,4,5,5,2,3,5,5,2,2,2,2,2,2,2,2,2,4,1,1,3,2,2,1,1,4,1,1,5,2,3,2, , , , , , ,3,3, ,3,3,6,3,6,3,4,1,1,3, ,2,1, , , ,2,62946,1964,1, ,7
11914,1,1,1, ,18,1,2,2,2,1,5,3, , , , , ,2,2,2,2,1,1,1,4,2,4,1,3,1,3,1,1,1,2,2,2,5,3,1,4,1,3,1,2,2,1,1,3,2,1,1,1,3,3, , , , , , ,3,3, ,1,2,3,2,5,1,3,1,1,1, ,6, ,1, , ,5,62948,9999,1, ,5
12680,1,1,1, ,14,1,1,2,3,3,5,3, , , , , ,2,1,2,3,2,3,2,3,1,2,2,3,2,3,2,1,2,2,1,2,3,3,3,4,2,1,1,2,1,1,1,1,1,1,1,2,4,2, , , , , , ,3,3, ,2,4,1,3,4,1,4,3,1,1, ,4, ,1, , ,5,62930,1974,1, ,3
10786,1,1,1, ,16,1,2,2,2,1,1,3, , , , , ,2,1,1,1,1,1,1,4,1,1,1,4,1,4,2,2,2,2,2,2,1,1,2,1,2,1,1,1,1,1,1,1,1,1,1,1,4,2, , , , , , ,3,1, ,1,1,6,3,3,2,3,1,1,3, ,4, ,1, , ,5,62263,1957,1, ,4
10911,1,1,1, ,10,1,1,2,2,1,2,1,4, , , , ,2,1,1,2,2,1,1,2,4,1,2,3,3,3,1,1,2,2,2,2,3,3,1,5,3,3,1,1,2,1,1,1,2,1,1,2,3,2, , , , , , ,3,3, ,2,1,4,4,6,1,3,1,1,1, ,4, ,1, , ,5,62832,1958,1, ,5
8230,1,1,1, ,2,1,1,2,2,2,4,4, , , , , ,1,1,2,1,4,4,1,4,1,1,2,1,3,4,2,2,2,2,2,2,3,3,3,2,3,3,2,2,1,1,1,2,1,2,1,2,2,1, , , , , , ,2,3, ,2,3,2,2,5,1,3,3,4, , ,3,1, , , ,1,62812,1969,1, ,1
11288,2, , ,1,17,1,1,1,2,2,3,1,6, , , , ,2,1,1,4,1,2,1,4,2,1,4,1,2,1,2,2,2,2,2,2,2,2,1,1,2,1,2,2,3,3,1,2,2,1,1,1,2,1, , , , , , ,2,1, ,2,2,3,4,6,1,2,1,3, , ,4, ,1, , ,1,62821,1951,1, ,3
11819,1,1,1, ,10,1,2,2,2,1,5,4, , , , , ,2,2,2,2,1,4,1,4,2,2,2,4,1,4,2,2,2,2,1,2,2,2,2,5,2,1,1,2,4,1,1,1,3,1,1,3,5,3, , , , , , ,3,3, ,3,2,5,4,7,2,3,1,1,2, ,2,1, , , ,1,62832,1961,1, ,4
12120,1,1,1, ,15,1,1,2,2,3,3,3, , , , , ,1,2,2,1,1,2,1,4,2,3,1,4,2,3,2,2,5,3,2,2,4,4,2,3,2,1,1,2,1,1,1,2,1,1,2,2,2,2, , , , , , ,3,3, ,1,1,3,3,6,3,3,1,2,1, ,5, ,3, , , ,62905,1990,1, ,5
12639,1,1,1, ,6,1,2,2,1,1,3,2, , , , , ,2,1,2,1,1,1,2,3,1,2,2,4,1,4,2,2,2,2,2,2,1,1,2,1,1,3,1,2,1,1,2,2,1,1,1,3,3,2, , , , , , ,3,3, ,1,4,6,2,1,1,2,1,3, , ,3,1, , , ,5,62901,1939,2, ,3
12896,1,1,1, ,14,1,2,2,2,1,2,1,6, , , , ,2,1,2,2,2,1,1,4,1,2,1,2,2,2,1,1,3,1,1,2,2,2,2,3,1,1,1,2,2,1,2,2,1,1,1,1,2,2, , , , , , ,3,2, ,3,3,4,5,5,2,4,1,1,1, ,1,1, , , ,1,62935,1970,1, ,5
10795,1,1,1, ,6,1,1,2,2,2,2,2, , , , , ,3,1,1,2,1,1,1,4,1,1,4,1,1,1,3,4,1,1,2,2,3,3,2,1,1,1,1,2,1,1,2,2,2,1,5,2,3,2, , , , , , ,2,3, ,2,1,3,1,2,1,5,1,2,4, ,5, ,3, , , ,62907,1959,1, ,1
11643,2, , ,1,14,1,1,2,2,1,4,3, , , , , ,1,1,1,3,1,1,1,1,4,1,1,4,1,1,1,1,2,2,1,3,4,3,2,2,1,3,1,1,3,1,1,1,2,1,1,2,1,1, , , , , , ,3,3, ,1,1,4,4,5,1,2,1,1,2, ,4, ,1, , ,5,62938,1960,1, ,5
11898,2, , ,1,13,1,1,2,2,1,4,4, , , , , ,1,1,2,1,1,1,1,4,1,1,1,4,1,4,5,5,5,3,2,2,2,4,1,2,3,3,3,2,2,1,1,2,3,3,1,3,2,2, , , , , , ,3,2, ,1,4,2,6,9,1,5,1,1,1, ,1,4, , , , ,99999,9999,1, ,2
12244,2, , ,1,4,1,2,2,2,2,3,1,6, , , , ,2,2,2,1,1,1,1,4,4,5,3,3,2,3,4,4,2,1,1,2,3,3,2,1,2,3,1,1,3,1,1,1,1,1,1,1,4,2, , , , , , ,3,3, ,3,3,2,5,9,1,2,3,3, , ,1,1, , , ,7,62828,1914,1, ,9
13032,2, , ,1,7,1,2,2,2,1,3,1,6, , , , ,2,2,1,1,1,1,1,4,1,4,2,3,2,3,2,2,2,2,2,2,1,3,2,3,2,1,1,2,1,1,1,1,1,1,4,2,2,2, , , , , , ,3,3, ,1,3,2,4,6,3,3,1,1,1, ,5, ,1, , ,5,62864,1952,1, ,5
10757,2, , ,1,11,1,2,3,2,3,3,3, , , , , ,1,3,2,1,1,4,1,4,5,4,4,2,3,3,1,6,6,2,1,2,3,2,1,2,3,3,2,2,1,2,2,2,2,2,1,4,1,2, , , , , , ,2,2, ,3,3,2,3,4,1,5,1,4, , ,1,1, , , ,2,62938,1941,9, ,2
11247,2, , ,1,18,1,1,2,2,1,3,1,6, , , , ,1,1,2,1,1,5,2,2,1,2,2,3,2,2,2,5,2,2,1,2,2,2,1,4,2,1,1,1,3,1,1,1,2,1,1,2,2,3, , , , , , ,3,1, ,2,2,3,4,6,2,2,1,1,1, ,2,1, , , ,3,62918,1968,1, ,5
7741,1,1,1, ,18,1,1,2,2,2,3,1,4, , , , ,1,1,2,2,1,1,4,4,5,4,1,4,2,3,1,1,2,2,1,1,3,4,1,2,3,1,1,1,2,1,1,1,2,1,1,2,2,1, , , , , , ,3,3, ,3,3,3,5,7,1,5,1,1,1, ,1,1, , , ,4,62918,1951,1, ,1
10885,2, , ,1,7,1,2,2,2,2,3,2, , , , , ,2,2,2,2,2,1,1,4,1,1,1,1,1,4,2,2,2,2,2,2,3,2,2,2,2,1,3,2,1,1,1,1,2,1,1,2,3,2, , , , , , ,1,3, ,2,2,3,2,2,1,2,1,1,3, ,1,1, , , ,5,62864,1946,1, ,4
11397,2, , ,1,16,1,1,2,2,2,2,1,2, , , , ,1,1,2,1,1,1,1,4,2,1,1,4,1,1,2,2,2,2,2,2,3,3,3,2,3,1,2,2,2,2,2,4,2,2,5,2,1,1, , , , , , ,3,2, ,2,3,3,5,7,2,4,2,3, , ,3,1, , , ,1,62808,1932,1, ,4
12141,2, , ,1,1,1,2,1,2,2,5,4, , , , , ,2,2,1,1,2,1,1,3,2,2,2,1,3,3,3,3,1,1,3,2,2,2,1,4,1,3,3,2,2,1,1,1,2,2,1,4,5,1, , , , , , ,2,3, ,2,2,6,3,2,1,4,1,1,3, ,1,1, , , ,2,62988,1982,2, ,5
13058,2, , ,1,10,1,2,2,2,1,3,4, , , , , ,1,1,1,1,1,1,1,4,2,3,3,3,1,2,2,2,2,2,1,1,5,5,2,4,1,1,1,2,1,1,1,4,2,1,2,2,5,3, , , , , , ,3,2, ,2,3,3,3,9,1,2,1,4, , ,3,1, , , ,2,62274,1959,1, ,1
13800,2, , ,1,9,1,1,2,2,1,2,1,6, , , , ,1,2,1,3,2,3,3,3,3,3,2,2,2,3,5,6,5,5,2,5,3,3,1,2,2,3,2,1,3,1,1,1,2,1,2,2,2,1, , , , , , ,3,3, ,2,2,2,3,6,3,5,1,4, , ,4, ,1, , ,5,62960,1958,1, ,2
13963,2, , ,1,18,1,2,2,2,1,3,1,6, , , , ,2,1,1,1,1,4,1,4,1,2,1,4,1,2,3,2,3,2,2,3,3,3,2,1,2,3,2,2,2,2,1,2,2,1,1,1,2,1, , , , , , ,2,2, ,3,3,3,5,7,1,1,2,1,1, ,1,1, , , ,3,62959,9999,1, ,2
14315,2, , ,1,18,1,2,2,2,1,2,1,6, , , , ,3,1,1,1,2,2,1,4,2,3,1,4,1,1,2,2,2,2,1,1,1,1,1,2,2,3,2,1,1,1,1,1,2,1,1,3,5,3, , , , , , ,1,2, ,3,3,6,4,7,3,4,3,2,3, ,1,1, , , ,1,62959,1947,1, ,9
14799,1,1,1, ,6,1,2,2,2,1,3,2, , , , , ,2,1,2,4,2,2,4,4,3,2,3,1,3,2,5,2,2,2,2,2,2,2,2,1,1,1,1,2,1,1,2,2,1,1,2,1,4,2, , , , , , ,3,3, ,1,1,6,2,1,2,4,2,1,3, ,5, ,3, , , ,62975,1952,1, ,4
8921,2, , ,1,2,1,1,2,2,1,2,4, , , , , ,2,3,1,1,3,4,4,4,5,4,1,3,1,4,1,1,2,1,2,2,1,2,1,2,2,1,3,2,3,3,1,1,2,2,5,1,5,1, , , , , , ,3,3, ,3,3,2,5,9,1,5,1,3, , ,1,1, , , ,5,62896,9999,1, ,9
14529,1,1,1, ,2,1,2,2,2,2,5,4, , , , , ,1,2,1,1,1,2,1,2,2,2,2,2,2,4,2,2,2,2,2,2,2,2,2,1,1,3,1,2,1,1,3,2,3,1,2,4,5,2, , , , , , ,2,2, ,2,3,3,5,6,1,3,1,4, , ,2,1, , , ,2,62896,1958,1, ,1
13127,2, , ,1,7,1,1,2,2,2,4,1,6, , , , ,2,1,2,1,1,2,1,3,2,4,1,4,1,3,1,2,1,1,1,2,3,3,2,1,1,3,2,1,2,1,3,3,2,1,1,2,2,1, , , , , , ,2,4, ,1,1,3,4,7,2,4,2,1,3, ,1,1, , , ,5,62864,1963,1, ,2
13503,2, , ,1,14,1,1,2,2,1,2,1,6, , , , ,2,2,2,2,4,4,1,4,1,1,1,4,1,4,3,3,2,3,4,2,2,3,1,1,2,1,1,2,1,1,1,1,2,1,1,2,2,1, , , , , , ,3,3, ,1,3,2,3,7,1,5,1,3, , ,5, ,1, , ,5,62970,1937,1, ,1
13954,2, , ,1,16,1,1,2,2,1,3,3, , , , , ,1,1,1,1,2,4,1,3,3,3,2,3,2,3,1,1,5,2,2,2,3,2,3,1,3,3,1,2,3,1,2,1,2,1,1,2,3,2, , , , , , ,3,2, ,2,3,2,2,1,1,5,1,3, , ,4, ,1, , ,2,62263,1938,1, ,2
14032,2, , ,1,13,1,1,2,2,2,4,2, , , , , ,2,1,1,1,2,1,1,1,1,4,1,4,1,3,1,2,2,2,2,3,2,2,1,2,2,3,1,1,3,1,1,1,2,2,1,1,3,2, , , , , , ,3,3, ,1,3,3,3,2,1,2,2,3, , ,4, ,1, , ,5,62217,1945,1, ,5
14225,2, , ,1,18,1,2,3,2,3,3,2, , , , , ,2,1,1,2,2,1,1,4,1,1,2,2,2,2,3,2,2,2,2,2,2,2,1,4,1,1,1,2,1,1,2,2,1,1,1,1,3,2, , , , , , ,3,3, ,2,1,2,2,3,1,5,1,3, , ,2,1, , , ,5,62959,1954,1, ,5
14739,2, , ,1,10,1,2,2,3,1,3,2, , , , , ,2,1,2,2,2,2,2,3,2,2,2,3,2,3,2,2,4,2,2,2,5,3,1,2,1,3,1,2,1,1,1,1,2,1,3,3,5,1, , , , , , ,3,2, ,2,3,2,5,1,1,3,3,3, , ,1,1, , , ,5,99999,1943,1, ,9
13236,2, , ,1,12,1,1,2,3,1,2,4, , , , , ,2,2,1,1,2,1,1,1,2,5,1,4,3,4,2,2,2,2,2,5,2,2,1,1,2,1,2,1,3,2,1,1,2,1,2,2,3,1, , , , , , ,2,3, ,2,3,3,4,5,3,4,3,2,1, ,3,1, , , ,1,62954,1985,1, ,7
13385,2, , ,1,5,1,2,2,3,2,5,2, , , , , ,2,3,2,1,2,4,1,4,5,5,2,5,2,5,4,1,2,5,4,6,1,1,2,5,1,1,1,2,4,3,3,2,1,1,5,1,1,2, , , , , , ,2,2, ,1,1,4,2,8,1,6,1,3, , ,5, ,1, , ,5,62919,1952,1, ,1
13959,2, , ,1,7,1,1,2,2,1,2,3, , , , , ,2,1,1,1,2,4,1,4,2,3,1,4,1,4,1,1,1,2,1,1,3,3,2,1,3,3,2,1,3,2,1,1,2,1,1,1,1,1, , , , , , ,3,2, ,1,3,2,4,6,1,2,1,1,1, ,1,1, , , ,5,62864,1954,1, ,3
14326,2, , ,1,7,1,2,3,2,2,4,4, , , , , ,2,2,1,1,1,1,1,4,2,2,1,5,3,4,2,2,2,2,1,3,3,2,2,5,1,1,1,2,1,1,2,4,2,1,1,2,2,3, , , , , , ,3,3, ,2,2,5,3,2,2,1,1,1,3, ,2,1, , , ,5,62830,1956,1, ,5
14581,2, , ,1,7,1,2,3,3,3,2,4, , , , , ,3,1,3,5,5,5,5,5,1,5,2,1,5,1,2,2,2,2,5,2,2,2,2,5,3,3,1,3,3,1,1,3,2,1,5,5,3,2, , , , , , ,2,3, ,2,2,2,6,9,1,5,1,3, , ,3,3, , , , ,62864,1930,1, ,9
13347,1,1,1, ,1,1,2,2,2,2,5,1,5,NONE, , , ,3,3,3,3,1,5,3,4,5,5,2,3,2,2,2,2,4,1,1,5,4,5,1,5,2,1,3,3,2,1,1,2,2,1,2,2,5,1, , , , , , ,3,2, ,3,3,3,4,7,1,4,2,2,1, ,1,1, , , ,5,62990,9999,1, ,9
13574,1,1,1, ,10,1,1,2,2,2,4,3, , , , , ,1,2,2,4,3,4,1,4,3,5,3,3,1,5,2,2,3,2,2,2,2,3,2,3,3,3,1,2,1,1,1,1,3,1,1,2,2,1, , , , , , ,3,2, ,3,3,2,4,4,1,2,1,1,1, ,1,1, , , ,5,62832,1967,1, ,4
13948,1,1,1, ,7,1,2,2,2,2,2,4, , , , , ,1,2,1,1,1,3,1,2,1,1,2,3,3,3,2,2,2,2,2,5,2,2,3,5,1,1,3,1,1,1,2,2,2,1,1,2,2,1, , , , , , ,3,3, ,1,1,5,3,6,1,4,3,1,3, ,1,1, , , ,5,62864,1963,1, ,3
14384,1,1,1, ,6,1,2,2,2,2,5,4, , , , , ,2,3,3,4,1,1,1,4,4,4,2,1,2,5,2,1,2,2,1,2,4,3,3,5,1,3,1,2,1,1,1,3,2,1,1,1,4,2, , , , , , ,3,3, ,1,3,2,2,4,1,5,1,3, , ,3,1, , , ,2,62966,1958,1, ,1
13980,2, , ,1,2,1,2,2,2,3,3,2, , , , , ,1,2,2,2,2,3,1,3,2,5,2,3,2,2,1,2,2,2,2,2,3,3,1,2,2,1,1,1,1,1,1,1,2,2,1,2,3,3, , , , , , ,3,3, ,1,3,2,5,6,1,2,3,1,4, ,1,1, , , ,2,62812,1954,1, ,5
14828,2, , ,1,3,1,1,1,2,1,3,1,6, , , , ,1,2,1,1,1,2,1,3,2,1,2,3,2,2,2,2,2,2,2,2,3,3,1,2,2,3,1,2,1,1,1,1,2,2,2,3,2,1, , , , , , ,2,3, ,2,2,4,4,6,1,2,1,3, , ,4, ,1, , ,2,62934,1928,1, ,1
13513,2, , ,1,4,1,1,2,2,2,4,2, , , , , ,2,3,1,1,1,1,4,4,4,5,2,2,1,2,2,2,2,5,2,5,3,3,2,1,1,1,1,3,3,2,2,2,1,3,2,2,2,1, , , , , , ,3,3, ,2,3,3,4,3,1,3,3,3, , ,5, ,1, , ,5,62864,1945,1, ,3
13923,2, , ,1,18,1,2,2,2,3,3,1,6, , , , ,2,3,2,2,2,4,2,4,4,4,4,4,2,3,2,1,2,2,2,2,3,3,3,4,2,3,2,2,1,1,1,2,1,2,2,1,2,3, , , , , , ,2,2, ,2,3,2,5,4,1,6,3,3, , ,5, ,2, , , ,62948,1930,1, ,9
13976,2, , ,1,16,1,2,2,2,2,2,4, , , , , ,3,2,2,1,2,1,1,5,1,3,2,3,2,3,6,2,2,2,2,5,3,2,1,2,2,1,1,2,1,1,2,2,2,1,1,3,5,2, , , , , , ,3,2, ,3,1,4,3,4,3,2,3,1,2, ,2,1, , , ,5,62803,1949,1, ,3
14061,2, , ,1,18,1,1,2,2,1,2,4, , , , , ,3,1,3,3,4,2,5,3,2,1,2,2,3,2,2,2,2,2,1,2,2,3,2,1,2,1,1,1,1,1,1,2,1,1,1,2,3,2, , , , , , ,2,2, ,2,1,5,2,3,3,4,2,1,1, ,3,1, , , ,5,62902,1945,1, ,3
14683,1,1,1, ,18,1,2,3,2,3,2,4, , , , , ,2,3,2,2,2,2,2,1,1,2,2,3,2,2,2,1,2,1,1,2,1,1,1,1,2,1,2,1,3,1,2,2,2,1,3,2,3,2, , , , , , ,3,3, ,2,1,2,3,9,1,6,1,4, , ,4, ,3, , , ,62948,1993,1, ,1
15052,1,1,1, ,7,1,1,2,2,2,3,4, , , , , ,1,2,2,1,1,4,1,4,1,2,1,3,1,1,1,1,5,5,1,1,3,4,1,2,3,3,3,2,3,2,2,2,2,2,1,3,5,2, , , , , , ,3,3, ,1,1,2,1,4,3,4,1,5, , ,1,1, , , ,2,62864,1950,1, ,1
15248,1,1,1, ,13,1,1,2,2,1,3,1,6, , , , ,1,1,1,1,1,2,1,3,2,2,2,3,2,2,2,2,2,2,1,2,2,3,2,2,2,1,1,2,1,1,1,1,2,1,1,2,2,1, , , , , , ,3,2, ,2,3,4,4,7,1,2,1,1,4, ,2,1, , , ,3,62288,1968,1, ,3
15755,2, , ,1,18,1,1,2,2,1,2,3, , , , , ,2,2,2,1,1,1,1,4,2,1,1,4,1,2,2,2,2,2,2,2,2,2,1,2,3,1,2,1,1,1,1,1,2,1,2,2,2,1, , , , , , ,3,2, ,1,3,3,5,5,1,2,1,1,1, ,5, ,2, , , ,62918,1952,1, ,3
6468,1,1,1, ,18,1,1,3,2,2,2,4, , , , , ,2,2,2,2,2,2,2,2,2,2,2,2,2,2,2,2,2,2,2,2,3,3,2,1,2,1,2,2,3,1,1,3,3,1,3,2,2,1, , , , , , ,3,1, ,3,2,2,4,3,3,4,1,1,1, ,3,1, , , ,5,62959,1963,1, ,2
16151,2, , ,1,6,1,2,3,2,3,2,2, , , , , ,2,1,2,1,1,3,4,4,4,4,1,4,1,4,3,2,1,2,1,2,2,2,2,5,2,1,1,2,1,1,1,4,1,1,1,3,4,2, , , , , , ,3,3, ,1,3,3,2,2,1,3,1,4, , ,5, ,1, , ,5,62901,1945,1, ,3
15089,1,1,1, ,2,1,2,2,1,1,2,2, , , , , ,1,1,2,2,2,2,1,3,2,2,2,2,3,2,1,1,2,2,1,1,2,2,2,1,2,3,1,1,3,1,1,1,1,1,1,4,5,2, , , , , , ,1,1, ,3,1,4,3,2,1,3,1,1,1, ,4, ,1, , ,5,62869,1986,1, ,5
15332,1,1,1, ,7,1,2,2,1,1,3,3, , , , , ,3,1,1,2,2,1,1,1,1,1,1,1,1,4,2,2,2,3,2,2,2,2,2,2,1,1,1,2,1,1,1,1,1,1,2,2,2,1, , , , , , ,2,3, ,3,3,2,5,2,2,5,3,4, , ,2,1, , , ,2,62864,1970,1, ,1
16083,2, , ,1,18,1,2,2,2,1,3,2, , , , , ,1,1,1,3,2,2,1,4,1,1,1,1,1,4,1,1,1,1,1,1,2,2,2,3,1,1,1,2,3,1,1,1,1,1,1,1,5,3, , , , , , ,1,3, ,2,3,2,4,2,1,3,1,1,1, ,1,1, , , ,2,62948,1954,1, ,2
16238,2, , ,1,18,1,2,2,2,1,4,4, , , , , ,2,2,2,1,1,4,1,4,1,1,1,1,1,1,1,1,1,1,1,1,3,5,2,5,1,1,2,2,2,1,1,1,2,1,1,3,3,2, , , , , , ,3,1, ,4,3,3,6,9,1,3,1,1,2, ,4, ,1, , ,7,62959,1964,1, ,2
15432,2, , ,1,2,1,2,2,2,2,3,2, , , , , ,1,1,3,1,1,3,1,4,1,2,1,1,1,3,1,1,3,1,1,1,3,3,2,4,1,1,1,2,1,1,1,2,2,2,1,2,2,2, , , , , , ,3,1, ,2,3,2,4,4,2,5,1,3, , ,4, ,1, , ,5,62856,1937,1, ,1
14851,1,1,1, ,12,1,1,2,1,2,2,2, , , , , ,3,3,1,1,2,2,1,5,5,5,5,3,2,4,1,1,6,1,1,3,4,4,2,4,1,1,1,2,1,1,2,2,1,1,1,3,5,1, , , , , , ,3,4, ,4,1,2,1,1,1,1,1,3, , ,4, ,1, , ,5,62976,1949,2, ,5
15084,1,1,1, ,14,1,2,2,2,2,5,1,2, , , , ,3,3,2,2,2,4,5,4,4,1,2,3,2,4,1,1,4,1,1,2,2,5,1,1,4,3,2,2,1,4,2,2,2,2,1,1,2,1, , , , , , ,3,3, ,2,3,3,3,7,1,2,3,2,1, ,3,1, , , ,5,62917,1948,1, ,4
15256,1,1,1, ,1,1,2,2,2,2,5,4, , , , , ,2,2,1,1,2,4,1,4,1,1,3,3,2,3,2,1,1,1,1,1,1,3,2,3,1,3,1,2,1,1,1,2,1,1,1,3,3,2, , , , , , ,3,3, ,2,3,4,3,2,1,3,1,1,1, ,1,1, , , ,1,62914,1962,2, ,1
15527,1,1,1, ,15,1,2,2,2,2,3,3, , , , , ,2,1,2,1,1,1,1,4,2,1,5,4,4,3,4,4,3,1,1,1,5,5,2,5,1,1,1,2,1,1,1,1,1,3,1,1,4,2, , , , , , ,2,3, ,1,1,5,3,4,2,2,1,1,4, ,5, ,3, , , ,62920,1981,1, ,1
15698,1,1,1, ,7,1,2,2,2,1,3,2, , , , , ,1,2,1,1,1,1,1,4,2,1,1,4,1,1,1,1,2,1,1,3,3,2,1,1,1,1,1,2,3,1,1,2,2,1,2,2,2,1, , , , , , ,2,3, ,2,2,3,4,8,1,4,3,2,4, ,1,1, , , ,6,62830,1963,1, ,4
6707,2, , ,1,2,1,2,2,2,1,3,1,6, , , , ,2,2,2,1,2,2,2,4,1,2,2,3,2,3,1,1,1,1,1,5,3,3,2,1,3,3,1,2,1,1,1,1,2,2,1,2,2,1, , , , , , ,3,3, ,3,3,2,5,7,3,2,3,1,3, ,1,1, , , ,2,62865,1959,1, ,4
15080,2, , ,1,5,1,2,2,2,2,5,2, , , , , ,2,2,2,1,1,1,1,4,1,4,1,1,1,4,1,1,1,1,1,2,1,1,2,1,1,1,1,2,1,1,2,1,2,2,1,1,3,2, , , , , , ,3,2, ,2,3,3,5,1,1,3,1,3, , ,2,1, , , ,2,62919,1937,1, ,9
15273,2, , ,1,18,1,2,2,2,1,4,1,6, , , , ,2,2,2,1,1,4,1,4,4,1,1,1,1,1,1,1,5,3,1,4,4,4,1,2,1,3,1,2,1,1,2,2,2,1,1,1,4,2, , , , , , ,2,3, ,2,3,3,1,5,1,4,1,3, , ,1,1, , , ,2,62951,1938,1, ,1
15589,2, , ,1,6,1,1,2,2,2,3,1,6, , , , ,2,2,1,1,1,4,1,4,1,1,1,3,1,3,1,1,1,1,1,1,3,3,2,1,1,1,1,2,3,1,1,2,1,2,2,1,2,1, , , , , , ,3,2, ,3,3,5,4,6,1,2,1,1,2, ,4, ,1, , ,2,62966,1965,1, ,7
15708,2, , ,1,3,1,2,1,1,1,2,2, , , , , ,2,2,2,2,3,3,3,2,3,3,3,3,3,3,2,2,2,1,1,2,2,2,2,1,2,3,1,2,1,1,1,1,2,2,2,1,2,2, , , , , , ,3,3, ,1,2,2,4,1,1,5,1,4, , ,1,1, , , ,2,62867,9999,9, ,9
15973,2, , ,1,1,1,1,2,2,2,4,4, , , , , ,2,1,2,1,1,1,1,2,2,2,1,4,1,1,1,2,4,2,1,1,5,3,1,4,3,3,1,1,2,1,1,2,2,1,1,2,2,1, , , , , , ,3,3, ,3,3,2,5,6,1,1,2,1,1, ,1,1, , , ,2,62988,1952,1, ,4
15306,2, , ,1,13,1,2,2,2,1,3,4, , , , , ,1,1,2,1,1,1,2,4,2,5,2,3,2,3,2,2,5,5,2,2,3,3,2,1,2,3,1,1,3,1,1,2,2,1,1,4,5,2, , , , , , ,3,3, ,1,2,3,4,1,3,4,3,1,1, ,1,1, , , ,5,62237,1950,1, ,4
15765,1,1,1, ,7,1,2,2,2,1,5,1,1, , , , ,2,1,2,1,2,4,1,3,2,2,2,3,2,3,2,2,5,5,2,3,2,2,1,3,1,1,1,1,2,1,1,1,1,2,2,2,2,1, , , , , , ,1,3, ,2,2,4,4,5,3,3,1,1,1, ,4, ,1, , ,5,62864,1978,1, ,2
16221,1,1,1, ,18,1,2,1,2,1,2,3, , , , , ,2,1,1,3,1,2,4,4,1,1,4,4,2,4,3,2,1,1,1,1,1,1,2,5,1,1,1,2,1,1,1,2,3,2,4,1,4,2, , , , , , ,2,3, ,2,1,6,2,3,2,2,1,3, , ,2,1, , , ,5,62901,1944,1, ,5
14868,1,1,1, ,14,1,2,2,2,1,3,1,6, , , , ,2,2,2,2,1,1,3,4,1,1,1,4,1,4,1,1,1,1,1,1,2,2,2,2,2,1,1,1,2,1,1,1,2,1,1,2,1,1, , , , , , ,3,3, ,3,2,2,5,7,1,2,1,4, , ,1,1, , , ,2,62946,1988,1, ,4
15253,1,1,1, ,2,1,2,3,2,1,3,4, , , , , ,1,1,3,5,2,5,2,2,5,4,5,2,3,2,2,2,2,2,2,2,2,2,2,5,2,4,1,2,1,1,2,2,3,1,1,4,5,3, , , , , , ,2,2, ,3,1,3,6,4,1,2,3,5, , ,3,2, , , , ,62822,1965,1, ,1
15800,2, , ,1,13,1,1,2,2,1,3,1,6, , , , ,1,1,3,1,1,2,2,5,4,5,2,5,1,3,2,2,2,1,2,2,2,2,3,5,2,1,1,1,3,1,1,1,2,2,1,3,5,3, , , , , , ,2,2, ,3,3,4,5,9,1,2,1,1,2, ,1,1, , , ,2,62286,1972,9, ,9
16012,2, , ,1,18,1,1,1,1,1,2,2, , , , , ,2,2,2,1,4,3,1,4,1,1,1,4,1,4,2,2,2,2,2,2,2,2,2,1,2,1,1,1,1,1,1,1,1,1,1,2,3,2, , , , , , ,3,2, ,2,1,4,3,3,2,2,1,1,3, ,1,1, , , ,2,62959,1950,1, ,4
16281,2, , ,1,7,1,2,2,3,1,3,3, , , , , ,3,2,1,2,2,5,1,4,1,2,2,3,2,5,6,2,2,2,2,3,3,3,3,1,2,1,1,2,1,1,1,2,2,1,1,3,3,2, , , , , , ,2,3, ,2,4,2,4,9,4,5,1,5, , ,1,1, , , ,5,62864,1954,1, ,1
14864,2, , ,1,2,1,2,2,2,1,2,2, , , , , ,2,1,2,1,1,2,1,4,1,2,2,3,2,3,4,2,2,2,2,2,2,2,2,1,2,1,1,2,1,1,1,3,1,1,1,2,3,2, , , , , , ,3,3, ,1,1,2,2,1,2,2,1,3, , ,5, ,1, , ,5,62896,1954,1, ,3
15027,2, , ,1,13,1,1,2,2,1,2,1,2, , , , ,2,2,2,1,1,1,2,2,1,2,3,3,2,3,2,2,2,2,1,2,2,2,1,2,2,3,1,1,3,1,1,1,1,1,2,1,2,1, , , , , , ,3,1, ,1,3,5,5,7,2,2,2,3, , ,2,1, , , ,5,62280,1953,1, ,5
15133,2, , ,1,7,1,2,2,2,1,2,1,6, , , , ,2,2,2,1,5,4,5,5,4,5,4,5,1,4,2,2,2,2,1,6,2,3,3,5,2,1,1,2,1,1,1,4,1,1,5,5,5,3, , , , , , ,3,3, ,3,3,2,5,7,2,5,1,3, , ,1,1, , , ,2,62810,1930,1, ,9
15376,2, , ,1,8,1,2,3,2,3,3,2, , , , , ,3,3,1,1,3,5,5,5,1,5,2,2,1,5,2,6,1,2,2,2,3,3,1,1,1,4,1,2,1,1,1,1,2,3,1,5,5,3, , , , , , ,2,1, ,2,3,1,3,1,1,5,1,4, , ,1,1, , , ,2,62939,1942,1, ,9
16131,2, , ,1,13,1,1,3,2,1,3,2, , , , , ,3,3,3,1,1,1,1,3,2,2,1,4,1,5,3,2,3,1,1,5,6,2,1,2,3,3,2,1,1,1,1,1,2,1,1,2,3,2, , , , , , ,3,3, ,2,2,2,3,1,1,3,3,3, , ,2,1, , , ,5,62288,1960,1, ,3
15314,2, , ,1,18,1,2,2,1,1,2,2, , , , , ,1,1,3,3,3,2,5,3,3,5,2,3,2,2,2,2,6,2,2,2,3,2,3,1,2,3,1,2,1,1,1,3,2,3,2,4,5,3, , , , , , ,3,3, ,2,3,1,4,4,1,5,3,3, , ,1,1, , , ,5,62959,1923,1, ,9
15538,2, , ,1,11,1,2,2,2,2,4,2, , , , , ,2,1,1,2,2,1,1,4,5,5,4,4,4,3,3,2,2,2,1,6,3,3,1,2,2,1,1,2,1,1,3,1,2,2,2,1,4,2, , , , , , ,3,3, ,1,2,3,3,2,3,5,1,3, , ,5, ,8, , , ,62938,1946,1, ,1
15751,2, , ,1,16,1,1,2,2,2,2,1,2, , , , ,2,1,1,1,1,1,1,4,1,1,1,2,1,2,5,5,1,2,2,2,2,2,1,2,2,3,1,2,1,1,1,1,2,1,1,2,2,2, , , , , , ,1,2, ,2,2,5,4,5,1,2,1,1,2, ,1,1, , , ,5,62271,1952,1, ,6
16022,2, , ,1,16,1,2,3,3,1,3,3, , , , , ,2,2,3,2,2,5,2,3,5,5,5,2,2,5,2,2,2,2,2,2,3,3,2,5,2,1,1,1,4,1,1,1,3,3,2,4,5,3, , , , , , ,3,3, ,3,2,2,6,6,1,1,3,3, , ,1,1, , , ,5,62268,1936,1, ,4
13340,2, , ,1,17,1,2,2,2,1,2,3, , , , , ,3,2,2,1,1,4,4,4,5,5,5,4,1,3,1,1,2,2,1,2,2,2,1,2,2,1,1,2,3,1,1,1,3,1,2,1,2,1, , , , , , ,1,1, ,3,3,6,4,6,1,2,1,4, , ,4, ,1, , ,3,62821,1979,1, ,5
2935,2, , ,1,15,1,2,1,2,1,4,4, , , , , ,2,1,1,4,1,4,1,4,2,1,1,4,1,4,2,2,2,2,2,2,3,3,2,3,3,3,1,2,3,2,1,1,1,1,1,1,4,2, , , , , , ,2,3, ,1,1,3,3,4,1,3,1,2,4, ,5, ,3, , , ,62920,1950,1, ,3
15316,2, , ,1,15,1,2,2,2,1,2,4, , , , , ,1,2,2,2,2,1,4,4,2,2,2,2,2,2,1,1,1,1,1,1,3,4,1,4,3,1,1,2,1,1,1,1,1,1,2,3,5,3, , , , , , ,3,3, ,2,3,3,4,2,1,5,1,3, , ,1,1, , , ,2,62920,1948,1, ,4
15859,2, , ,1,2,1,1,2,2,1,1,1,3, , , , ,1,1,2,2,1,1,1,4,1,1,3,2,2,3,2,1,2,2,2,1,3,2,1,4,2,1,2,1,3,1,1,2,2,1,1,1,2,3, , , , , , ,1,1, ,2,2,5,4,5,1,3,1,1,3, ,2,1, , , ,2,62822,1954,1, ,6
16159,2, , ,1,4,1,1,3,3,1,1,2, , , , , ,2,1,2,1,2,4,4,4,1,1,1,4,1,4,2,1,1,1,1,5,4,2,1,4,2,3,1,1,1,1,1,1,2,1,1,3,5,3, , , , , , ,1,1, ,1,1,3,2,1,1,3,3,3, , ,1,1, , , ,2,62817,1942,1, ,4
17630,1,1,1, ,18,1,2,2,2,1,2,1,4, , , , ,2,2,2,1,1,3,1,3,1,2,1,3,1,3,2,1,3,2,1,2,1,1,2,2,2,3,1,1,3,1,1,1,2,1,1,1,2,2, , , , , , ,3,3, ,1,1,4,3,6,1,2,1,3, , ,4, ,2, , , ,62948,1961,1, ,6
18015,1,1,1, ,15,1,2,2,2,2,1,1,6, , , , ,2,1,1,1,2,4,1,5,2,4,1,4,1,2,1,1,1,3,1,1,2,2,2,2,1,3,1,2,2,1,1,4,2,1,1,4,5,3, , , , , , ,2,3, ,3,3,3,5,5,2,6,3,3, , ,1,1, , , ,2,62926,1947,1, ,1
16488,2, , ,1,2,1,1,2,2,1,3,4, , , , , ,3,1,1,3,2,5,1,2,3,5,2,5,2,2,1,2,2,1,2,2,3,3,1,5,2,3,2,2,3,1,1,1,3,2,1,2,2,2, , , , , , ,3,3, ,2,1,2,4,4,3,6,2,3, , ,4, ,1, , ,5,62999,1927,1, ,1
16755,2, , ,1,14,1,2,2,2,2,3,2, , , , , ,1,1,1,2,2,4,3,4,3,5,3,4,1,1,2,1,2,3,2,4,3,4,2,4,3,3,1,2,1,1,2,2,2,2,3,2,2,2, , , , , , ,3,3, ,2,1,6,4,2,1,5,1,3, , ,3,1, , , ,5,62946,1940,1, ,3
16991,2, , ,1,13,1,2,3,3,1,2,4, , , , , ,3,3,3,2,2,5,2,5,5,5,5,2,2,5,5,2,2,5,2,2,3,3,3,5,3,1,1,2,3,1,1,4,3,1,2,4,5,2, , , , , , ,3,3, ,2,1,1,3,8,2,5,3,3, , ,1,1, , , ,5,99999,1973,1, ,2
17757,2, , ,1,6,1,2,2,2,2,4,3, , , , , ,2,2,2,4,1,4,4,4,2,5,1,4,1,4,1,1,2,6,1,2,3,3,1,4,4,3,2,2,3,2,2,2,2,2,1,2,1,1, , , , , , ,2,3, ,3,2,3,5,5,1,5,3,3, , ,1,1, , , ,4,62832,1936,1, ,1
18251,2, , ,1,8,1,1,2,1,1,3,4, , , , , ,1,1,1,1,1,1,1,5,1,5,1,5,1,5,2,2,2,2,2,2,3,3,1,2,1,3,2,2,1,1,3,1,2,2,4,3,2,1, , , , , , ,3,3, ,2,3,1,5,8,1,5,1,3, , ,4, ,1, , ,2,62939,1932,1, ,1
16460,1,1,1, ,5,1,1,2,2,2,1,3, , , , , ,2,1,1,1,1,1,4,4,2,1,1,4,2,2,2,2,1,6,1,2,3,2,2,3,1,1,1,2,2,1,1,2,2,1,1,1,2,1, , , , , , ,3,2, ,1,2,5,3,9,2,5,1,3, , ,2,1, , , ,5,62931,1943,9, ,9
16607,1,1,1, ,6,1,1,2,2,2,1,1,4, , , , ,2,1,1,1,1,2,3,4,2,1,2,3,2,4,2,2,3,2,2,2,1,3,1,2,2,1,1,1,1,3,1,4,1,1,1,2,1,1, , , , , , ,3,2, ,2,3,6,4,7,1,4,3,1,1, ,1,1, , , ,2,62903,1943,1, ,6
17048,1,1,1, ,15,1,1,2,2,1,5,4, , , , , ,2,2,1,3,1,3,1,4,1,2,2,3,2,2,2,2,2,2,2,2,2,2,2,4,2,3,1,1,4,1,1,1,2,1,1,3,5,3, , , , , , ,3,4, ,2,3,5,4,8,1,1,3,3, , ,4, ,1, , ,5,62952,1955,1, ,3
17774,1,1,1, ,8,1,2,2,2,2,3,4, , , , , ,2,1,2,2,2,5,1,4,5,2,1,2,2,3,2,1,5,2,1,1,2,1,2,1,2,1,1,2,1,1,1,2,1,1,2,3,5,1, , , , , , ,2,2, ,3,3,3,4,4,2,4,3,4, , ,1,1, , , ,2,62995,1952,1, ,1
18017,1,1,1, ,1,1,1,2,2,1,2,3, , , , , ,2,3,2,5,1,2,1,5,1,1,2,4,2,2,2,2,2,5,2,2,3,2,1,2,2,1,3,2,1,3,3,3,2,1,1,1,1,1, , , , , , ,3,4, ,2,3,6,5,4,1,4,2,3, , ,1,1, , , ,2,62957,1936,1, ,9
18315,1,1,1, ,10,1,1,2,2,2,3,2, , , , , ,2,1,2,3,1,1,2,3,2,2,3,2,3,2,2,2,2,2,2,2,2,3,2,1,1,1,1,2,1,1,2,2,2,1,1,1,2,1, , , , , , ,2,3, ,2,2,5,3,2,1,4,2,3, , ,4, ,1, , ,5,62888,1948,1, ,3
18662,1,1,1, ,14,1,1,2,2,1,3,2, , , , , ,2,1,2,2,3,1,1,4,2,2,2,3,1,3,2,2,2,2,2,2,3,3,2,1,3,3,1,1,2,1,1,1,2,2,2,2,3,2, , , , , , ,3,3, ,2,3,4,3,5,3,4,3,1,4, ,4, ,1, , ,5,62930,1967,1, ,5
10238,2, , ,1,16,1,1,2,2,1,3,1,4, , , , ,1,1,1,1,1,1,1,4,1,3,1,4,1,4,2,2,2,2,2,2,2,3,1,2,3,3,1,2,2,2,1,1,2,1,1,1,2,1, , , , , , ,2,3, ,2,2,3,5,7,1,3,1,1,1, ,4, ,1, , ,5,62263,1960,1, ,4
16616,2, , ,1,14,1,1,2,2,2,2,4, , , , , ,2,2,2,1,1,1,1,4,1,1,1,2,3,3,1,1,1,2,2,2,2,2,2,1,2,3,1,2,1,1,2,2,1,1,1,2,2,1, , , , , , ,3,3, ,3,3,4,5,5,1,2,1,3, , ,1,1, , , ,1,62917,1950,1, ,3
17898,1,1,1, ,15,1,1,3,3,1,3,2, , , , , ,1,1,2,1,2,1,1,4,1,1,1,4,1,3,2,2,2,2,2,2,2,2,1,2,2,3,1,1,3,1,3,3,1,1,1,1,2,3, , , , , , ,3,3, ,1,2,6,1,1,2,4,1,3, , ,5, ,3, , , ,62920,1945,1, ,3
18195,1,1,1, ,6,1,2,2,2,2,3,3, , , , , ,1,1,1,1,1,4,1,4,1,1,1,4,1,4,1,1,2,2,1,2,3,3,1,2,2,3,1,2,3,1,1,1,2,1,1,2,2,1, , , , , , ,3,3, ,2,2,4,4,5,1,2,3,1,3, ,3,1, , , ,3,62832,1957,1, ,5
10915,2, , ,1,4,1,1,2,2,2,3,3, , , , , ,2,2,2,5,1,1,1,4,2,4,4,4,2,5,2,2,2,3,1,2,3,4,2,3,3,3,2,2,1,1,2,2,1,1,3,1,1,1, , , , , , ,2,2, ,2,3,2,6,4,3,4,1,5, , ,4, ,1, , ,5,62859,1956,1, ,9
16999,1,1,1, ,15,1,1,3,2,2,3,4, , , , , ,1,1,2,2,2,2,2,2,2,2,2,3,2,2,1,1,1,1,1,1,3,3,1,1,1,3,1,2,3,1,1,1,1,1,1,2,2,1, , , , , , ,3,3, ,2,3,3,2,4,1,2,1,3, , ,4, ,1, , ,2,62906,1980,1, ,3
18386,2, , ,1,18,1,1,2,2,1,2,3, , , , , ,2,2,2,3,2,1,1,5,3,2,3,2,2,2,2,2,2,3,2,2,2,2,2,4,2,1,1,1,2,1,1,1,1,1,1,2,2,1, , , , , , ,2,1, ,2,3,5,4,7,2,2,2,1,3, ,2,1, , , ,2,62959,1973,1, ,3
17004,2, , ,1,14,1,2,2,2,2,4,3, , , , , ,2,1,2,1,1,1,1,4,2,2,1,3,1,3,2,1,2,1,1,1,2,2,2,1,1,1,1,2,1,2,2,2,2,1,1,1,4,2, , , , , , ,2,2, ,2,2,6,3,4,2,2,1,2,3, ,1,1, , , ,5,62946,1961,2, ,1
17696,2, , ,1,6,1,1,1,2,1,2,2, , , , , ,2,1,2,3,4,3,5,2,2,5,2,2,3,3,2,2,2,2,2,2,2,2,2,1,6,1,1,2,3,1,1,1,1,1,2,2,2,1, , , , , , ,2,2, ,2,1,2,3,2,3,4,1,4, , ,4, ,3, , , ,62958,9999,1, ,3
18051,2, , ,1,2,1,2,2,2,3,4,1,6, , , , ,2,3,2,2,2,2,2,3,2,2,3,2,2,2,2,2,2,2,2,2,3,3,2,5,3,3,1,3,2,1,1,1,2,1,5,2,2,1, , , , , , ,1,3, ,2,1,2,4,6,1,4,3,1,4, ,4, ,1, , ,5,62891,1959,1, ,4
15907,2, , ,1,13,1,2,2,2,1,3,4, , , , , ,2,2,2,4,2,4,1,4,1,1,3,1,1,1,1,1,2,1,1,1,3,3,2,1,3,3,2,2,1,1,1,1,2,2,5,4,3,2, , , , , , ,2,3, ,2,1,1,3,4,1,5,1,3, , ,4, ,1, , ,2,62233,1941,1, ,1
16945,2, , ,1,10,1,2,2,2,2,5,1,6, , , , ,3,1,1,1,2,1,1,4,2,3,2,3,2,2,4,3,4,5,4,5,3,4,1,4,2,1,1,2,2,1,1,3,2,2,5,2,2,1, , , , , , ,2,4, ,3,3,3,5,7,3,2,1,2,1, ,2,1, , , ,3,62274,1964,9, ,5
17144,2, , ,1,9,1,2,3,2,3,2,4, , , , , ,2,2,2,3,5,4,1,3,2,2,2,3,2,3,2,2,1,2,1,2,1,1,2,5,1,4,3,2,1,1,1,4,3,3,1,2,5,1, , , , , , ,3,3, ,2,4,2,4,9,1,5,3,2,1, ,1,1, , , ,1,62960,1942,1, ,3
17596,2, , ,1,6,1,1,1,2,1,3,3, , , , , ,2,2,2,3,2,1,1,3,1,2,2,2,3,1,2,2,2,2,2,2,1,2,2,3,2,1,1,1,1,1,1,1,1,1,3,1,2,2, , , , , , ,3,1, ,1,1,5,2,1,3,5,1,1,1, ,3,1, , , ,5,62907,1957,1, ,4
17800,2, , ,1,16,1,1,2,2,1,2,4, , , , , ,2,1,1,3,1,1,3,4,2,1,5,2,2,1,1,2,2,2,2,2,2,2,3,3,2,3,1,3,1,1,1,1,3,1,1,2,2,1, , , , , , ,3,3, ,2,2,3,4,6,1,3,3,3, , ,2,1, , , ,3,62271,1935,1, ,5
18127,2, , ,1,6,1,2,3,2,1,3,3, , , , , ,2,2,2,2,1,1,1,4,4,1,2,3,2,3,2,2,2,2,2,2,3,4,1,2,3,3,1,2,2,1,1,2,3,1,2,2,2,3, , , , , , ,3,3, ,1,2,6,4,4,2,2,1,1,2, ,2,1, , , ,5,62901,1954,1, ,7
18490,2, , ,1,9,1,1,2,2,2,3,1,3, , , , ,1,2,2,2,2,3,3,3,3,2,2,3,2,3,2,2,3,3,2,2,3,2,2,1,3,3,2,2,3,1,1,2,3,1,1,1,2,1, , , , , , ,2,3, ,3,3,2,3,6,3,5,1,3, , ,1,1, , , ,2,62960,1929,1, ,3
18771,2, , ,1,18,1,2,2,2,2,3,1,6, , , , ,2,2,2,1,1,1,2,2,1,2,2,4,1,3,1,2,2,2,1,2,3,3,1,2,4,3,1,1,2,1,1,1,2,2,1,2,2,1, , , , , , ,1,3, ,3,3,3,5,7,3,2,1,1,3, ,3,1, , , ,5,62948,1958,1, ,4
16411,2, , ,1,13,1,1,2,2,1,2,4, , , , , ,1,1,2,2,1,3,1,2,2,2,1,2,1,1,2,2,2,2,2,2,2,1,1,1,2,1,1,2,3,1,1,1,2,3,1,4,2,1, , , , , , ,2,3, ,1,3,3,4,2,1,3,1,3, , ,2,1, , , ,5,62233,1956,1, ,6
16994,2, , ,1,7,1,2,2,2,2,3,1,3, , , , ,3,1,1,1,1,5,1,4,1,1,1,5,1,1,2,2,5,5,2,2,3,3,1,2,3,3,3,2,3,2,1,1,2,1,1,4,3,3, , , , , , ,2,3, ,2,3,2,4,9,1,4,2,3, , ,2,1, , , ,5,62864,1941,1, ,2
17928,1,1,1, ,15,1,2,2,2,2,5,1,6, , , , ,2,2,2,1,1,1,1,4,1,1,1,2,1,4,1,2,2,2,2,2,4,4,1,2,2,3,1,1,3,1,1,1,1,1,1,1,2,1, , , , , , ,2,3, ,3,3,4,5,7,1,4,2,1,1, ,6, ,1, , ,1,62906,1963,1, ,4
18298,1,1,1, ,7,1,1,2,2,2,4,4, , , , , ,3,2,2,4,4,5,1,5,2,4,4,4,1,4,2,2,5,2,2,2,3,3,3,2,2,3,1,2,3,4,4,1,3,3,5,5,2,1, , , , , , ,2,1, ,2,3,1,5,9,1,6,1,3, , ,1,1, , , ,5,99999,1936,1, ,1
18682,1,1,1, ,16,1,2,2,2,1,2,1,2, , , , ,1,2,2,2,2,5,4,4,1,2,2,1,2,2,2,2,2,2,2,2,2,2,1,2,6,3,3,1,2,1,2,2,2,1,2,2,5,3, , , , , , ,3,3, ,2,2,7,5,7,1,3,1,1,3, ,1,1, , , ,3,99999,1959,1, ,9
16778,1,1,1, ,13,1,1,2,2,2,3,4, , , , , ,2,2,2,1,2,2,1,5,1,1,1,1,1,4,2,2,2,2,1,5,3,3,1,2,3,3,1,2,2,2,2,2,2,1,1,1,1,1, , , , , , ,2,2, ,2,4,3,2,9,1,2,3,3, , ,5, ,1, , ,5,62242,1950,1, ,4
15867,2, , ,1,6,1,1,1,2,2,3,2, , , , , ,2,1,1,4,1,2,3,3,1,2,3,1,3,1,3,2,1,1,3,1,2,2,2,1,2,1,1,2,1,1,2,1,2,1,3,2,3,2, , , , , , ,3,3, ,1,1,3,2,1,3,3,1,1,1, ,4, ,2, , , ,62966,1969,1, ,2
17182,1,1,1, ,18,1,1,2,2,2,4,4, , , , , ,1,1,1,4,4,2,5,4,4,4,1,4,5,1,6,2,1,1,1,6,3,3,1,1,2,3,2,2,3,2,2,1,3,2,3,3,5,3, , , , , , ,3,1, ,3,3,2,2,5,2,3,1,2,2, ,2,1, , , ,2,62948,1937,5, ,3
17605,1,1,1, ,13,1,1,2,2,1,3,1,2, , , , ,1,2,2,1,1,1,1,2,2,1,3,4,1,1,1,1,2,2,1,1,3,3,1,1,2,1,1,2,1,1,1,1,2,1,2,1,2,1, , , , , , ,2,2, ,2,3,2,5,7,1,3,3,1,1, ,1,1, , , ,1,62237,1941,1, ,3
18179,1,1,1, ,2,1,1,2,2,1,3,2, , , , , ,1,2,2,4,1,3,1,3,2,4,4,4,1,1,2,2,3,2,2,3,2,1,2,1,1,3,1,2,3,1,3,1,2,1,4,2,3,2, , , , , , ,3,3, ,3,3,2,2,1,1,5,1,3, , ,1,1, , , ,5,62812,1940,1, ,1
18436,1,1,1, ,14,1,2,1,2,1,4,4, , , , , ,2,2,2,1,1,1,1,4,1,1,1,4,1,2,2,2,2,2,2,2,1,1,2,4,1,1,1,2,1,1,1,2,1,1,1,1,4,2, , , , , , ,2,2, ,3,2,6,3,9,1,2,1,1,3, ,1,1, , , ,1,62946,9999,1, ,9
16897,1,1,1, ,14,1,2,1,2,1,4,2, , , , , ,1,2,1,1,1,3,2,4,1,2,2,4,1,1,1,1,1,1,1,1,5,3,2,5,1,1,1,2,3,1,1,1,1,1,1,1,4,2, , , , , , ,3,3, ,2,1,2,2,1,1,6,1,5, , ,4, ,1, , ,5,62930,1958,1, ,1
17548,2, , ,1,13,1,2,2,2,1,2,1,6, , , , ,1,2,1,2,2,3,1,4,1,2,1,1,1,4,2,2,2,2,2,2,2,3,1,5,2,1,2,2,3,1,1,1,1,1,1,2,4,2, , , , , , ,3,3, ,2,1,6,4,7,1,4,1,3, , ,1,1, , , ,5,62286,1925,1, ,4
17940,2, , ,1,2,1,2,2,2,2,2,2, , , , , ,2,1,3,1,2,2,2,4,1,1,2,3,2,3,2,2,2,2,2,2,3,3,3,5,2,1,1,2,3,1,1,1,3,1,1,1,2,2, , , , , , ,3,3, ,2,1,3,2,2,1,2,1,1,3, ,1,1, , , ,5,62812,1957,1, ,4
18052,2, , ,1,15,1,1,1,2,2,4,2, , , , , ,2,1,3,4,1,1,1,4,1,1,2,2,1,4,2,2,2,2,2,2,4,5,2,3,2,1,2,2,1,1,1,2,2,1,1,2,3,1, , , , , , ,3,3, ,2,1,3,2,2,1,4,1,1,1, ,3,1, , , ,2,62926,1973,1, ,1
18478,2, , ,1,10,1,2,2,2,3,2,3, , , , , ,1,2,1,2,2,3,1,2,2,1,1,2,1,2,2,2,1,2,2,2,4,3,3,1,2,1,1,2,1,1,1,1,3,3,2,3,5,3, , , , , , ,2,1, ,2,1,2,3,1,3,5,1,3, , ,5, ,1, , ,5,62274,1943,1, ,1
18620,2, , ,1,14,1,2,3,3,3,3,4, , , , , ,2,1,1,1,4,3,1,4,5,4,1,4,2,4,6,2,5,5,2,6,5,5,2,2,2,1,2,1,3,1,1,1,2,2,2,2,5,3, , , , , , ,2,3, ,2,4,2,3,1,1,3,2,3, , ,4, ,1, , ,1,62930,1933,1, ,1
16883,2, , ,1,6,1,2,2,2,1,3,2, , , , , ,3,1,3,5,2,5,4,3,5,5,2,2,2,2,2,2,2,2,1,2,4,4,2,3,1,1,3,2,1,1,2,2,2,1,2,4,5,3, , , , , , ,2,2, ,2,3,3,3,9,1,5,3,3, , ,1,1, , , ,2,62966,1936,1, ,9
17041,2, , ,1,8,1,1,2,2,2,3,4, , , , , ,1,1,1,1,1,1,1,4,1,4,1,4,1,4,2,2,3,2,2,3,3,3,1,4,2,1,1,2,2,1,1,1,2,1,1,1,2,1, , , , , , ,2,2, ,3,3,3,5,5,2,2,2,5, , ,3,1, , , ,2,62939,1961,1, ,3
17419,2, , ,1,6,1,1,2,2,1,2,1,6, , , , ,2,2,1,2,2,3,4,4,3,2,3,2,2,2,1,1,1,2,2,2,3,2,2,3,2,1,3,1,3,1,1,1,1,1,1,2,1,1, , , , , , ,1,3, ,3,2,3,4,6,1,2,3,1,3, ,1,1, , , ,3,62907,1955,1, ,4
17783,2, , ,1,13,1,2,2,3,1,2,4, , , , , ,3,2,2,5,5,5,2,5,5,5,3,5,2,3,5,5,5,5,6,2,2,2,3,4,3,3,1,2,3,1,3,3,2,2,2,4,5,3, , , , , , ,2,1, ,1,3,1,3,3,3,6,1,3, , ,2,3, , , , ,99999,9999,1, ,9
18322,2, , ,1,17,1,2,1,2,1,2,2, , , , , ,2,2,1,1,1,1,1,4,2,2,1,4,2,1,2,1,5,2,1,2,3,2,1,1,1,1,1,2,1,1,1,1,2,1,1,1,2,2, , , , , , ,1,3, ,1,2,3,2,1,2,6,1,2,1, ,1,1, , , ,2,62869,1931,1, ,4
18922,1,1,1, ,2,1,2,2,2,2,5,1,6, , , , ,3,2,1,1,1,1,2,3,2,2,1,3,2,5,1,1,2,5,2,5,3,3,3,5,2,3,1,1,3,1,1,1,2,3,2,2,2,1, , , , , , ,2,3, ,3,3,2,5,5,1,3,3,4, , ,1,1, , , ,4,62896,1956,1, ,4
19132,1,1,1, ,18,1,2,1,2,1,3,2, , , , , ,2,1,2,2,2,2,2,2,2,3,2,3,2,3,5,5,5,5,5,5,3,3,2,2,2,1,1,2,1,1,1,1,2,1,1,2,4,2, , , , , , ,3,3, ,2,1,3,2,1,2,4,1,1,4, ,4, ,2, , , ,62951,1977,1, ,2
19243,2, , ,1,13,1,2,2,2,1,5,1,6, , , , ,3,3,1,2,2,2,2,3,5,5,2,5,2,5,2,2,2,2,2,2,3,3,3,1,2,1,3,2,2,1,1,1,3,1,3,4,5,1, , , , , , ,2,2, ,3,3,2,5,6,1,3,3,3, , ,1,1, , , ,3,62233,1941,1, ,2
16444,2, , ,1,18,1,2,2,2,2,3,1,6, , , , ,1,1,2,1,1,1,1,4,1,1,1,4,1,4,2,1,3,5,2,5,3,4,1,2,3,3,3,1,2,3,2,2,3,1,5,1,3,3, , , , , , ,2,3, ,3,3,5,5,4,3,2,2,2,1, ,2,1, , , ,4,62948,1964,1, ,9
16759,2, , ,1,7,1,1,2,2,2,2,1,6, , , , ,1,1,1,2,1,1,1,4,5,2,4,4,2,4,1,2,2,2,1,2,3,3,2,3,1,1,2,1,2,1,1,2,1,1,1,2,1,1, , , , , , ,3,2, ,3,3,1,4,7,1,5,1,3, , ,4, ,3, , , ,62864,1929,1, ,2
18904,1,1,1, ,16,1,2,2,2,1,3,4, , , , , ,2,3,2,2,2,2,2,3,4,2,2,2,2,5,2,2,2,1,1,2,3,3,2,4,2,1,1,1,1,1,1,1,3,1,1,4,5,3, , , , , , ,2,3, ,3,3,4,4,7,4,3,3,2,5, ,1,1, , , ,1,62263,1993,1, ,9
18996,2, , ,1,6,1,2,1,1,1,2,2, , , , , ,2,1,2,4,4,3,1,4,2,2,4,1,4,1,4,1,1,1,1,1,2,2,2,1,1,1,3,2,1,1,1,1,1,1,2,1,4,2, , , , , , ,3,3, ,1,1,6,3,3,3,4,1,3, , ,2,2, , , , ,62901,1951,1, ,3
19303,2, , ,1,3,1,2,2,2,2,5,2, , , , , ,2,1,2,4,2,3,1,2,2,2,2,2,1,2,2,1,2,2,2,4,2,2,2,5,2,1,1,2,3,1,2,2,2,2,1,2,2,1, , , , , , ,3,3, ,2,1,3,2,3,1,5,1,5, , ,5, ,1, , ,2,62984,1957,1, ,1
18929,1,1,1, ,18,1,2,2,2,1,2,1,6, , , , ,1,1,1,1,2,4,1,4,1,1,3,1,4,1,1,1,1,1,1,1,1,2,2,1,1,1,1,2,3,1,2,2,1,1,1,1,1,1, , , , , , ,3,3, ,3,3,2,5,7,2,5,1,3, , ,1,1, , , ,2,62948,1942,1, ,1
18800,1,1,1, ,15,1,2,2,1,1,3,3, , , , , ,2,2,2,1,1,1,3,3,3,2,2,3,2,2,2,2,2,2,1,2,2,2,1,5,2,3,1,1,2,1,1,1,1,1,1,3,2,2, , , , , , ,3,1, ,2,2,5,4,2,1,4,1,1,3, ,2,1, , , ,5,62906,1982,1, ,6
19065,2, , ,1,2,1,1,2,2,1,3,4, , , , , ,2,1,1,3,1,1,1,4,1,1,4,3,3,1,1,1,1,1,1,1,2,2,2,3,2,1,1,2,3,1,1,1,2,1,1,1,5,3, , , , , , ,3,2, ,2,4,5,4,6,1,2,1,2,1, ,1,1, , , ,2,62891,1949,1, ,5
2201,2, , ,1,9,1,2,2,2,2,3,2, , , , , ,2,2,2,2,1,1,2,3,1,4,1,4,1,2,5,2,2,2,1,2,3,2,2,1,1,1,2,2,1,2,2,2,2,2,1,3,3,2, , , , , , ,2,1, ,2,1,3,2,3,1,3,1,1,4, ,4, ,1, , ,7,62960,1974,1, ,2
18950,1,1,1, ,14,1,2,2,2,1,2,3, , , , , ,2,2,2,1,1,1,1,4,1,1,1,4,1,2,2,2,2,2,2,2,2,2,2,1,2,1,1,2,1,1,3,2,3,1,1,2,2,1, , , , , , ,3,3, ,3,2,5,3,2,1,1,1,3, , ,4, ,1, , ,1,62946,1943,1, ,5
18998,1,1,1, ,14,1,1,2,2,1,4,2, , , , , ,2,1,2,1,1,1,1,4,2,2,1,4,2,4,3,2,2,2,2,2,3,2,2,4,2,3,1,2,1,1,1,1,3,1,1,2,3,2, , , , , , ,1,3, ,2,3,2,4,5,3,4,1,1,4, ,1,1, , , ,2,62930,1940,1, ,4
19323,2, , ,1,6,1,2,3,1,2,3,2, , , , , ,2,1,1,4,5,4,1,4,1,1,1,1,1,1,2,1,2,2,2,2,3,2,1,1,2,3,1,3,1,1,1,1,1,1,1,3,2,3, , , , , , ,4,1, ,3,3,1,1,1,2,5,1,4, , ,4, ,1, , ,5,62907,1928,1, ,9
18951,1,1,1, ,2,1,2,2,2,2,4,2, , , , , ,2,2,2,1,1,1,1,5,1,5,1,4,1,4,2,2,2,2,2,2,3,2,2,1,2,1,2,2,4,1,1,2,1,1,1,2,3,2, , , , , , ,3,3, ,2,2,6,4,5,2,4,2,3, , ,3,1, , , ,5,62865,1945,1, ,5
19231,2, , ,1,4,1,1,2,2,2,3,4, , , , , ,3,2,2,1,4,1,1,5,4,4,2,3,1,3,1,1,3,1,1,2,2,2,2,4,3,3,2,2,3,2,2,2,2,2,1,1,2,1, , , , , , ,2,2, ,3,3,3,4,5,1,6,1,3, , ,1,1, , , ,2,62817,1951,1, ,3
17230,2, , ,1,16,1,2,1,2,1,2,2, , , , , ,1,1,1,1,3,4,1,3,2,2,2,2,2,4,2,2,2,2,2,2,3,2,2,1,2,3,1,2,1,1,2,2,2,1,1,2,2,2, , , , , , ,1,1, ,2,1,3,1,1,1,3,3,3, , ,1,1, , , ,1,62263,1938,9, ,1
18937,2, , ,1,6,1,2,2,2,2,3,4, , , , , ,1,1,1,4,1,4,1,4,1,4,1,4,1,4,2,2,3,5,2,2,4,3,1,2,3,3,2,1,3,2,2,2,2,1,1,1,1,1, , , , , , ,4,3, ,3,2,2,5,9,4,3,3,3, , ,1,1, , , ,1,62901,1942,1, ,9
19104,2, , ,1,13,1,1,2,2,2,3,3, , , , , ,1,1,2,4,1,1,1,4,4,1,4,4,4,4,1,1,3,3,1,2,5,5,1,2,4,3,2,1,2,2,1,1,2,2,1,1,2,2, , , , , , ,1,1, ,3,4,6,5,5,1,2,1,1,1, ,5, ,1, , ,5,62278,1950,1, ,6
3871,2, , ,1,13,1,1,2,2,2,2,1,6, , , , ,1,3,2,3,2,3,5,3,3,3,5,2,1,1,2,2,3,6,2,2,3,6,1,4,3,3,3,1,2,1,1,1,2,2,5,2,2,1, , , , , , ,2,2, ,3,3,5,5,7,1,4,2,4, , ,1,1, , , ,1,62286,1950,1, ,9
17938,1,1,1, ,18,1,2,2,2,2,4,4, , , , , ,3,3,2,2,1,4,1,4,4,4,1,5,2,3,2,2,6,2,2,2,4,4,2,4,3,1,1,2,4,1,1,4,2,2,5,2,5,3, , , , , , ,1,1, ,3,3,3,5,9,1,5,1,1,4, ,3,1, , , ,2,99999,9999,1, ,9
19321,2, , ,1,18,1,2,2,2,3,3,4, , , , , ,3,3,1,1,1,1,1,4,2,1,1,3,2,5,5,2,5,2,2,5,3,3,3,3,6,1,3,2,1,3,1,1,3,3,5,3,5,3, , , , , , ,3,3, ,2,3,3,5,5,3,5,2,3, , ,1,1, , , ,4,62948,1934,1, ,9
